water_name,county,species,quantity,length,stock_date,source_year
BIG SANDWASH RES,DUCHESNE,RAINBOW,2481,7.97,05/15/2018,2018
BIG SANDWASH RES,DUCHESNE,RAINBOW,6346,8.89,05/16/2018,2018
BIG SANDWASH RES,DUCHESNE,RAINBOW,5700,8.89,05/18/2018,2018
BROWNS DRAW RES,DUCHESNE,RAINBOW,14952,3.04,04/18/2018,2018
BROWNS DRAW RES,DUCHESNE,TIGER TROUT,10010,2.96,05/14/2018,2018
CEDARVIEW RES,DUCHESNE,CUTTHROAT,1373,2.17,11/05/2018,2018
CEDARVIEW RES,DUCHESNE,CUTTHROAT,506,2.05,11/05/2018,2018
DUCHESNE R,DUCHESNE,RAINBOW,252,9.22,06/05/2018,2018
DUCHESNE R,DUCHESNE,RAINBOW,497,10.29,06/21/2018,2018
DUCHESNE R,DUCHESNE,RAINBOW,250,10.08,07/19/2018,2018
"DUCHESNE R, N FK",DUCHESNE,RAINBOW,1108,9.22,06/05/2018,2018
"DUCHESNE R, N FK",DUCHESNE,RAINBOW,1000,10.08,07/19/2018,2018
"DUCHESNE R, N FK",DUCHESNE,RAINBOW,500,10.77,08/28/2018,2018
INDIAN CYN CR,DUCHESNE,CUTTHROAT,1974,2.19,10/25/2018,2018
LAKE CANYON L,DUCHESNE,TIGER TROUT,564,2.16,05/14/2018,2018
LAKE CANYON L,DUCHESNE,CUTTHROAT,1495,4.66,05/22/2018,2018
LAKE FK R,DUCHESNE,RAINBOW,425,9.22,06/08/2018,2018
LAKE FK R,DUCHESNE,RAINBOW,430,10.36,07/05/2018,2018
LAKE FK R,DUCHESNE,RAINBOW,643,11.37,09/19/2018,2018
MOON L,DUCHESNE,TIGER TROUT,10010,2.96,05/14/2018,2018
MOON L,DUCHESNE,RAINBOW,3040,8.89,05/18/2018,2018
MOON L,DUCHESNE,RAINBOW,4770,9.05,05/24/2018,2018
MOON L,DUCHESNE,SPLAKE,10084,3.2,06/26/2018,2018
RED CR RES,DUCHESNE,RAINBOW,10043,3.11,04/30/2018,2018
RED CR RES,DUCHESNE,TIGER TROUT,4950,2.96,05/14/2018,2018
RED CR RES,DUCHESNE,RAINBOW,370,10.29,06/21/2018,2018
ROCK CR,DUCHESNE,RAINBOW,1418,9.22,06/08/2018,2018
ROCK CR,DUCHESNE,RAINBOW,1250,10.08,07/19/2018,2018
ROCK CR,DUCHESNE,RAINBOW,600,10.77,08/28/2018,2018
STARVATION RES,DUCHESNE,KOKANEE,74998,1.61,02/15/2018,2018
STARVATION RES,DUCHESNE,PERCH YELLOW,154,8.05,04/24/2018,2018
STARVATION RES,DUCHESNE,PERCH YELLOW,123,6.73,04/25/2018,2018
STARVATION RES,DUCHESNE,PERCH YELLOW,423,8.05,05/03/2018,2018
STARVATION RES,DUCHESNE,CRAPPIE BLACK,94,11.38,05/23/2018,2018
STARVATION RES,DUCHESNE,RAINBOW,99960,1.52,07/03/2018,2018
STARVATION RES,DUCHESNE,RAINBOW,3040,11.05,11/01/2018,2018
STARVATION RES,DUCHESNE,RAINBOW,1520,11.05,11/01/2018,2018
STARVATION RES,DUCHESNE,RAINBOW,3088,11.05,11/01/2018,2018
STARVATION RES,DUCHESNE,RAINBOW,3097,11.05,11/02/2018,2018
STARVATION RES,DUCHESNE,RAINBOW,2489,11.05,11/02/2018,2018
STARVATION RES,DUCHESNE,RAINBOW,665,11.05,11/03/2018,2018
STARVATION RES,DUCHESNE,RAINBOW,1080,10.22,11/03/2018,2018
STARVATION RES,DUCHESNE,RAINBOW,3840,10.22,11/03/2018,2018
STARVATION RES,DUCHESNE,RAINBOW,3720,10.22,11/03/2018,2018
STARVATION RES,DUCHESNE,RAINBOW,1920,10.22,11/03/2018,2018
STARVATION RES,DUCHESNE,RAINBOW,3900,10.22,11/04/2018,2018
STARVATION RES,DUCHESNE,RAINBOW,4275,11.96,11/05/2018,2018
STARVATION RES,DUCHESNE,RAINBOW,1015,9.6,11/05/2018,2018
STARVATION RES,DUCHESNE,RAINBOW,1450,9.6,11/05/2018,2018
STARVATION RES,DUCHESNE,RAINBOW,6480,10.22,11/05/2018,2018
STARVATION RES,DUCHESNE,RAINBOW,3335,9.6,11/06/2018,2018
STARVATION RES,DUCHESNE,RAINBOW,9570,9.6,11/06/2018,2018
STARVATION RES,DUCHESNE,RAINBOW,9425,9.6,11/06/2018,2018
STRAWBERRY R,DUCHESNE,RAINBOW,500,8.97,05/22/2018,2018
UINTA R,DUCHESNE,RAINBOW,1088,9.41,06/04/2018,2018
UINTA R,DUCHESNE,RAINBOW,1000,10.22,07/02/2018,2018
UINTA R,DUCHESNE,RAINBOW,560,10.77,08/31/2018,2018
WOLF CR,DUCHESNE,CUTTHROAT,294,1.91,10/25/2018,2018
YELLOWSTONE R,DUCHESNE,RAINBOW,789,9.22,06/08/2018,2018
YELLOWSTONE R,DUCHESNE,RAINBOW,528,10.36,07/05/2018,2018
YELLOWSTONE R,DUCHESNE,RAINBOW,519,10.18,08/16/2018,2018
BEAR R,SUMMIT,RAINBOW,120,10.14,07/02/2024,2024
BEAR R,SUMMIT,RAINBOW,100,10,07/15/2024,2024
DEER VALLEY LAKES,SUMMIT,RAINBOW,598,10.32,05/06/2024,2024
DEER VALLEY LAKES,SUMMIT,RAINBOW,303,10.24,05/14/2024,2024
DEER VALLEY LAKES,SUMMIT,RAINBOW,303,10.24,05/21/2024,2024
DEER VALLEY LAKES,SUMMIT,WIPER,1496,8.55,05/23/2024,2024
DEER VALLEY LAKES,SUMMIT,RAINBOW,900,9.91,06/13/2024,2024
DEER VALLEY LAKES,SUMMIT,RAINBOW,600,10.25,07/02/2024,2024
DEER VALLEY LAKES,SUMMIT,TIGER TROUT,3036,6.04,10/24/2024,2024
ECHO RES,SUMMIT,RAINBOW,4251,13.19,04/29/2024,2024
ECHO RES,SUMMIT,RAINBOW,4752,12.37,04/30/2024,2024
ECHO RES,SUMMIT,RAINBOW,5023,11.33,09/23/2024,2024
ECHO RES,SUMMIT,CUTTHROAT,10004,2.47,10/25/2024,2024
HAYDEN FK,SUMMIT,RAINBOW,264,10.14,07/02/2024,2024
HAYDEN FK,SUMMIT,RAINBOW,200,10,07/15/2024,2024
HAYDEN FK,SUMMIT,RAINBOW,207,10.28,07/29/2024,2024
PROVO R,SUMMIT,RAINBOW,270,11.16,07/01/2024,2024
PROVO R,SUMMIT,RAINBOW,250,10,07/15/2024,2024
ROCKPORT RES,SUMMIT,RAINBOW,1744,13.19,04/29/2024,2024
ROCKPORT RES,SUMMIT,RAINBOW,2063,12.6,04/29/2024,2024
ROCKPORT RES,SUMMIT,RAINBOW,4500,12.6,04/29/2024,2024
ROCKPORT RES,SUMMIT,KOKANEE,57084,3.33,05/03/2024,2024
ROCKPORT RES,SUMMIT,KOKANEE,23786,3.3,05/06/2024,2024
ROCKPORT RES,SUMMIT,RAINBOW,2408,11.33,09/23/2024,2024
ROCKPORT RES,SUMMIT,RAINBOW,1892,11.33,09/23/2024,2024
ROCKPORT RES,SUMMIT,RAINBOW,5360,12.31,09/23/2024,2024
ROCKPORT RES,SUMMIT,RAINBOW,2680,12.31,09/23/2024,2024
ROCKPORT RES,SUMMIT,RAINBOW,5360,12.31,09/23/2024,2024
ROCKPORT RES,SUMMIT,RAINBOW,905,12.31,09/23/2024,2024
SMITH-MOREHOUSE RES,SUMMIT,RAINBOW,2520,12.13,05/23/2024,2024
SMITH-MOREHOUSE RES,SUMMIT,RAINBOW,2021,10.52,06/05/2024,2024
SMITH-MOREHOUSE RES,SUMMIT,RAINBOW,544,12.25,06/20/2024,2024
SMITH-MOREHOUSE RES,SUMMIT,RAINBOW,1454,11.16,06/20/2024,2024
SMITH-MOREHOUSE RES,SUMMIT,RAINBOW,2095,11.16,07/01/2024,2024
SMITH-MOREHOUSE RES,SUMMIT,RAINBOW,1575,10,07/10/2024,2024
SMITH-MOREHOUSE RES,SUMMIT,SPLAKE,503,3.03,07/17/2024,2024
SMITH-MOREHOUSE RES,SUMMIT,RAINBOW,1403,10.28,07/22/2024,2024
SMITH-MOREHOUSE RES,SUMMIT,RAINBOW,1541,10.28,08/05/2024,2024
SMITH-MOREHOUSE RES,SUMMIT,RAINBOW,1081,10.28,08/14/2024,2024
SMITH-MOREHOUSE RES,SUMMIT,CUTTHROAT,8079,2.47,10/25/2024,2024
STATELINE RES,SUMMIT,RAINBOW,5040,12.13,05/28/2024,2024
STATELINE RES,SUMMIT,RAINBOW,2500,10.77,05/30/2024,2024
STATELINE RES,SUMMIT,RAINBOW,2005,9.91,06/04/2024,2024
STATELINE RES,SUMMIT,TIGER TROUT,998,11.46,08/26/2024,2024
STATELINE RES,SUMMIT,LAKE TROUT,1002,5.15,10/22/2024,2024
STEEL CR,SUMMIT,CUTTHROAT,214,5.58,07/17/2024,2024
STILLWATER FK,SUMMIT,RAINBOW,240,10.14,07/02/2024,2024
STILLWATER FK,SUMMIT,RAINBOW,200,10,07/15/2024,2024
STILLWATER FK,SUMMIT,RAINBOW,207,10.28,07/29/2024,2024
STILLWATER FK,SUMMIT,RAINBOW,207,10.28,08/14/2024,2024
WEBER R,SUMMIT,RAINBOW,101,11.16,07/01/2024,2024
WEBER R,SUMMIT,RAINBOW,101,11.16,07/01/2024,2024
WEBER R,SUMMIT,RAINBOW,125,10,07/10/2024,2024
WEBER R,SUMMIT,RAINBOW,126,10.28,07/22/2024,2024
WEBER R,SUMMIT,RAINBOW,126,10.28,07/22/2024,2024
WEBER R,SUMMIT,RAINBOW,126,10.28,08/05/2024,2024
WEBER R,SUMMIT,RAINBOW,379,10.28,08/05/2024,2024
WEBER R,SUMMIT,RAINBOW,115,10.28,08/14/2024,2024
WHITNEY RES,SUMMIT,RAINBOW,3655,10.52,06/11/2024,2024
WHITNEY RES,SUMMIT,RAINBOW,1029,12.74,06/30/2024,2024
WHITNEY RES,SUMMIT,RAINBOW,3000,10,07/10/2024,2024
WHITNEY RES,SUMMIT,TIGER TROUT,10010,4.53,08/06/2024,2024
WHITNEY RES,SUMMIT,TIGER TROUT,10010,4.53,08/06/2024,2024
BIG SANDWASH RES,DUCHESNE,RAINBOW,10148,8.59,04/20/2022,2022
BIG SANDWASH RES,DUCHESNE,RAINBOW,306,11.71,05/25/2022,2022
BIG SANDWASH RES,DUCHESNE,RAINBOW,1499,11.76,11/01/2022,2022
BROWNS DRAW RES,DUCHESNE,RAINBOW,14976,2.39,04/15/2022,2022
BROWNS DRAW RES,DUCHESNE,TIGER TROUT,2293,2.61,05/09/2022,2022
BROWNS DRAW RES,DUCHESNE,BROWN TROUT,1991,2.14,05/09/2022,2022
BROWNS DRAW RES,DUCHESNE,RAINBOW,1507,9.89,11/09/2022,2022
BUCKLEY SPRING,DUCHESNE,CUTTHROAT,999,1.95,10/20/2022,2022
DUCHESNE R,DUCHESNE,RAINBOW,401,9.53,06/15/2022,2022
DUCHESNE R,DUCHESNE,RAINBOW,399,10,07/13/2022,2022
"DUCHESNE R, N FK",DUCHESNE,RAINBOW,997,9.53,06/15/2022,2022
"DUCHESNE R, N FK",DUCHESNE,RAINBOW,994,10,07/13/2022,2022
"DUCHESNE R, N FK",DUCHESNE,RAINBOW,800,11.16,08/25/2022,2022
EAST FORK FARM CK DC,DUCHESNE,CUTTHROAT,4002,2.01,10/25/2022,2022
LAKE CANYON L,DUCHESNE,TIGER TROUT,606,2.73,05/18/2022,2022
LAKE CANYON L,DUCHESNE,CUTTHROAT,1505,4.59,05/18/2022,2022
LAKE CYN,DUCHESNE,CUTTHROAT,578,4.79,06/01/2022,2022
LAKE CYN,DUCHESNE,CUTTHROAT,1993,2.26,10/21/2022,2022
LAKE FK R,DUCHESNE,RAINBOW,401,9.53,06/14/2022,2022
LAKE FK R,DUCHESNE,RAINBOW,403,10.18,07/27/2022,2022
LAKE FK R,DUCHESNE,CUTTHROAT,10004,1.77,10/06/2022,2022
LAKE FK R,DUCHESNE,CUTTHROAT,4775,2.16,11/15/2022,2022
MOON L,DUCHESNE,TIGER TROUT,754,8.79,05/16/2022,2022
MOON L,DUCHESNE,RAINBOW,2144,11.99,05/19/2022,2022
MOON L,DUCHESNE,RAINBOW,2240,11.99,05/19/2022,2022
MOON L,DUCHESNE,RAINBOW,100,12.72,06/14/2022,2022
MOON L,DUCHESNE,SPLAKE,7160,3.62,07/15/2022,2022
MOON L,DUCHESNE,TIGER TROUT,3650,4.28,07/27/2022,2022
PIDGEON WATERS,DUCHESNE,RAINBOW,201,9.18,06/03/2022,2022
RED CR RES,DUCHESNE,RAINBOW,5003,2.58,04/27/2022,2022
RED CR RES,DUCHESNE,TIGER TROUT,3525,2.73,05/18/2022,2022
RED CR RES,DUCHESNE,CUTTHROAT,4005,2.05,10/06/2022,2022
ROCK CR,DUCHESNE,RAINBOW,1000,9.18,06/03/2022,2022
ROCK CR,DUCHESNE,RAINBOW,997,9.53,06/14/2022,2022
ROCK CR,DUCHESNE,RAINBOW,676,10.18,07/19/2022,2022
"ROCK CR, S FK",DUCHESNE,BROOK TROUT,1181,3.64,06/30/2022,2022
SOWERS CR,DUCHESNE,CUTTHROAT,1986,2.05,10/06/2022,2022
STARVATION RES,DUCHESNE,RAINBOW,3988,2.58,04/27/2022,2022
STARVATION RES,DUCHESNE,CRAPPIE BLACK,74998,2.63,05/04/2022,2022
STARVATION RES,DUCHESNE,RAINBOW,2206,3.34,09/21/2022,2022
STARVATION RES,DUCHESNE,RAINBOW,19722,3.7,10/19/2022,2022
STARVATION RES,DUCHESNE,RAINBOW,33434,4.78,10/25/2022,2022
STARVATION RES,DUCHESNE,RAINBOW,16717,4.78,10/25/2022,2022
STARVATION RES,DUCHESNE,RAINBOW,6528,10.22,10/27/2022,2022
STARVATION RES,DUCHESNE,RAINBOW,3125,10.27,10/27/2022,2022
STARVATION RES,DUCHESNE,RAINBOW,1076,10.18,10/27/2022,2022
STARVATION RES,DUCHESNE,RAINBOW,1818,10.19,10/27/2022,2022
STARVATION RES,DUCHESNE,RAINBOW,18765,10.18,10/27/2022,2022
STARVATION RES,DUCHESNE,RAINBOW,2176,10.19,10/28/2022,2022
STARVATION RES,DUCHESNE,RAINBOW,3380,10.14,10/28/2022,2022
STARVATION RES,DUCHESNE,RAINBOW,4903,10.07,10/28/2022,2022
STARVATION RES,DUCHESNE,RAINBOW,175,13.57,10/28/2022,2022
STARVATION RES,DUCHESNE,RAINBOW,1688,10.01,10/28/2022,2022
STARVATION RES,DUCHESNE,RAINBOW,332,10.07,10/28/2022,2022
STARVATION RES,DUCHESNE,RAINBOW,4307,10.07,10/31/2022,2022
STARVATION RES,DUCHESNE,RAINBOW,4439,10.07,10/31/2022,2022
STARVATION RES,DUCHESNE,RAINBOW,4240,10.07,11/01/2022,2022
STARVATION RES,DUCHESNE,RAINBOW,719,11.76,11/01/2022,2022
STARVATION RES,DUCHESNE,RAINBOW,3445,10.07,11/01/2022,2022
STARVATION RES,DUCHESNE,RAINBOW,1280,11.73,11/01/2022,2022
STARVATION RES,DUCHESNE,RAINBOW,1739,10.48,11/09/2022,2022
STRAWBERRY R,DUCHESNE,RAINBOW,500,9.14,06/09/2022,2022
STRAWBERRY R,DUCHESNE,RAINBOW,500,9.61,07/01/2022,2022
UINTA R,DUCHESNE,RAINBOW,525,8.87,05/21/2022,2022
UINTA R,DUCHESNE,RAINBOW,864,9.03,05/28/2022,2022
UINTA R,DUCHESNE,RAINBOW,138,12.39,05/28/2022,2022
UINTA R,DUCHESNE,RAINBOW,1305,9.39,06/28/2022,2022
WOLF CR,DUCHESNE,BROOK TROUT,365,3.64,06/30/2022,2022
YELLOWSTONE R,DUCHESNE,RAINBOW,997,9.53,06/14/2022,2022
YELLOWSTONE R,DUCHESNE,RAINBOW,1001,10.18,07/19/2022,2022
AVINTAQUIN CR,DUCHESNE,CUTTHROAT,1420,5.51,07/10/2023,2023
AVINTAQUIN CR,DUCHESNE,CUTTHROAT,999,2.2,10/31/2023,2023
BIG SANDWASH RES,DUCHESNE,RAINBOW,3440,10.89,05/02/2023,2023
BIG SANDWASH RES,DUCHESNE,RAINBOW,3648,10.68,05/02/2023,2023
BIG SANDWASH RES,DUCHESNE,RAINBOW,3488,11.18,05/09/2023,2023
BIG SANDWASH RES,DUCHESNE,RAINBOW,1100,10.95,11/10/2023,2023
BROWNS DRAW RES,DUCHESNE,RAINBOW,14980,3.29,05/01/2023,2023
BROWNS DRAW RES,DUCHESNE,TIGER TROUT,1305,2.06,05/27/2023,2023
BROWNS DRAW RES,DUCHESNE,RAINBOW,249,9.52,12/13/2023,2023
CEDARVIEW RES,DUCHESNE,CUTTHROAT,4081,1.88,10/30/2023,2023
DUCHESNE R,DUCHESNE,RAINBOW,399,9.43,06/29/2023,2023
DUCHESNE R,DUCHESNE,RAINBOW,398,9.95,07/18/2023,2023
"DUCHESNE R, N FK",DUCHESNE,RAINBOW,1001,9.43,06/29/2023,2023
"DUCHESNE R, N FK",DUCHESNE,RAINBOW,624,9.95,07/18/2023,2023
"DUCHESNE R, N FK",DUCHESNE,RAINBOW,375,13.07,07/18/2023,2023
"DUCHESNE R, N FK",DUCHESNE,RAINBOW,800,10.75,08/09/2023,2023
LAKE CANYON L,DUCHESNE,TIGER TROUT,611,9.12,05/04/2023,2023
LAKE CANYON L,DUCHESNE,TIGER TROUT,599,2.07,05/28/2023,2023
LAKE CANYON L,DUCHESNE,CUTTHROAT,2000,4.67,05/28/2023,2023
LAKE CYN,DUCHESNE,CUTTHROAT,901,4.76,05/30/2023,2023
LAKE FK R,DUCHESNE,RAINBOW,802,9.43,06/29/2023,2023
MOON L,DUCHESNE,RAINBOW,2399,11.12,05/26/2023,2023
MOON L,DUCHESNE,SPLAKE,10012,3.27,06/06/2023,2023
MOON L,DUCHESNE,RAINBOW,2000,11.58,06/07/2023,2023
MOON L,DUCHESNE,TIGER TROUT,750,9.41,06/26/2023,2023
MOON L,DUCHESNE,TIGER TROUT,2262,4.27,09/26/2023,2023
RED CR RES,DUCHESNE,RAINBOW,9000,3.74,05/31/2023,2023
RED CR RES,DUCHESNE,TIGER TROUT,5000,2.04,05/31/2023,2023
RED CR RES,DUCHESNE,CUTTHROAT,2983,1.93,10/01/2023,2023
RED CR RES,DUCHESNE,CUTTHROAT,982,1.77,10/01/2023,2023
ROCK CR,DUCHESNE,RAINBOW,1300,9.43,06/29/2023,2023
ROCK CR,DUCHESNE,RAINBOW,999,10.2,07/19/2023,2023
"ROCK CR, S FK",DUCHESNE,BROOK TROUT,1143,3.59,08/01/2023,2023
SOWERS CR,DUCHESNE,CUTTHROAT,521,6.54,08/02/2023,2023
SOWERS CR,DUCHESNE,CUTTHROAT,1356,2.17,10/24/2023,2023
SOWERS CR,DUCHESNE,CUTTHROAT,646,2.11,10/24/2023,2023
STARVATION RES,DUCHESNE,RAINBOW,5025,3.19,04/24/2023,2023
STARVATION RES,DUCHESNE,RAINBOW,18432,2.96,04/24/2023,2023
STARVATION RES,DUCHESNE,RAINBOW,399,11.18,05/25/2023,2023
STARVATION RES,DUCHESNE,SUNFISH BLUEGILL,446,8.67,09/12/2023,2023
STARVATION RES,DUCHESNE,RAINBOW,11040,4.9,09/29/2023,2023
STARVATION RES,DUCHESNE,SUNFISH BLUEGILL,15000,2.55,10/04/2023,2023
STARVATION RES,DUCHESNE,RAINBOW,561,10.95,11/10/2023,2023
STARVATION RES,DUCHESNE,RAINBOW,3520,10.95,11/10/2023,2023
STARVATION RES,DUCHESNE,RAINBOW,1050,11.12,11/10/2023,2023
STARVATION RES,DUCHESNE,RAINBOW,1172,9.51,11/13/2023,2023
STARVATION RES,DUCHESNE,RAINBOW,3288,9.72,11/13/2023,2023
STARVATION RES,DUCHESNE,RAINBOW,5066,9.45,11/13/2023,2023
STARVATION RES,DUCHESNE,RAINBOW,19893,9.72,11/13/2023,2023
STARVATION RES,DUCHESNE,RAINBOW,20443,9.45,11/13/2023,2023
STARVATION RES,DUCHESNE,RAINBOW,3945,10.13,11/14/2023,2023
STARVATION RES,DUCHESNE,RAINBOW,3897,10.13,11/14/2023,2023
STARVATION RES,DUCHESNE,RAINBOW,2028,10.13,11/16/2023,2023
STRAWBERRY R,DUCHESNE,RAINBOW,330,11.21,04/25/2023,2023
STRAWBERRY R,DUCHESNE,RAINBOW,329,10.03,05/25/2023,2023
STRAWBERRY R,DUCHESNE,RAINBOW,340,10.75,08/09/2023,2023
UINTA POND,DUCHESNE,BROOK TROUT,101,4.8,09/08/2023,2023
UINTA R,DUCHESNE,RAINBOW,560,8.75,05/06/2023,2023
UINTA R,DUCHESNE,RAINBOW,800,11.58,06/09/2023,2023
UINTA R,DUCHESNE,RAINBOW,1001,10.3,06/27/2023,2023
UPPER STILLWATER RES,DUCHESNE,BROOK TROUT,3004,3.09,07/19/2023,2023
WOLF CR,DUCHESNE,BROOK TROUT,2358,3.59,08/01/2023,2023
YELLOWSTONE R,DUCHESNE,RAINBOW,1001,9.43,06/29/2023,2023
YELLOWSTONE R,DUCHESNE,RAINBOW,999,10.2,07/19/2023,2023
BEAR R,SUMMIT,RAINBOW,247,10.52,07/03/2025,2025
DEER VALLEY LAKES,SUMMIT,RAINBOW,301,9.21,04/30/2025,2025
DEER VALLEY LAKES,SUMMIT,RAINBOW,600,9.73,05/13/2025,2025
DEER VALLEY LAKES,SUMMIT,RAINBOW,301,9.78,05/22/2025,2025
DEER VALLEY LAKES,SUMMIT,RAINBOW,301,9.62,05/29/2025,2025
DEER VALLEY LAKES,SUMMIT,RAINBOW,300,10.3,06/04/2025,2025
DEER VALLEY LAKES,SUMMIT,RAINBOW,900,10.3,06/24/2025,2025
DEER VALLEY LAKES,SUMMIT,WIPER,805,8.42,07/14/2025,2025
ECHO RES,SUMMIT,RAINBOW,1568,11.49,04/30/2025,2025
ECHO RES,SUMMIT,RAINBOW,1650,11.49,04/30/2025,2025
ECHO RES,SUMMIT,RAINBOW,1650,11.49,04/30/2025,2025
ECHO RES,SUMMIT,RAINBOW,1179,12.4,04/30/2025,2025
ECHO RES,SUMMIT,RAINBOW,590,12.4,04/30/2025,2025
ECHO RES,SUMMIT,RAINBOW,1179,12.4,04/30/2025,2025
ECHO RES,SUMMIT,RAINBOW,1179,12.4,04/30/2025,2025
HAYDEN FK,SUMMIT,RAINBOW,250,10.77,07/09/2025,2025
HAYDEN FK,SUMMIT,RAINBOW,251,10.44,07/14/2025,2025
HAYDEN FK,SUMMIT,RAINBOW,150,12.44,07/30/2025,2025
PROVO R,SUMMIT,RAINBOW,250,10.6,06/17/2025,2025
PROVO R,SUMMIT,CHANNEL CATFISH,1625,7.27,06/19/2025,2025
PROVO R,SUMMIT,RAINBOW,249,10.44,07/14/2025,2025
ROCKPORT RES,SUMMIT,KOKANEE,54190,3.18,04/09/2025,2025
ROCKPORT RES,SUMMIT,KOKANEE,27176,3.18,04/09/2025,2025
ROCKPORT RES,SUMMIT,RAINBOW,1200,12.77,04/29/2025,2025
ROCKPORT RES,SUMMIT,RAINBOW,1200,12.77,04/29/2025,2025
ROCKPORT RES,SUMMIT,RAINBOW,720,12.77,04/29/2025,2025
ROCKPORT RES,SUMMIT,RAINBOW,495,11.49,04/29/2025,2025
ROCKPORT RES,SUMMIT,RAINBOW,1485,11.49,04/29/2025,2025
ROCKPORT RES,SUMMIT,RAINBOW,1452,11.49,04/29/2025,2025
ROCKPORT RES,SUMMIT,RAINBOW,1452,11.49,04/29/2025,2025
SMITH-MOREHOUSE RES,SUMMIT,RAINBOW,795,11.86,05/22/2025,2025
SMITH-MOREHOUSE RES,SUMMIT,RAINBOW,795,11.86,05/22/2025,2025
SMITH-MOREHOUSE RES,SUMMIT,RAINBOW,801,11.83,06/10/2025,2025
SMITH-MOREHOUSE RES,SUMMIT,RAINBOW,801,11.83,06/10/2025,2025
SMITH-MOREHOUSE RES,SUMMIT,RAINBOW,800,10.14,07/01/2025,2025
SMITH-MOREHOUSE RES,SUMMIT,RAINBOW,800,10.14,07/01/2025,2025
SMITH-MOREHOUSE RES,SUMMIT,RAINBOW,800,10.14,07/01/2025,2025
SMITH-MOREHOUSE RES,SUMMIT,RAINBOW,802,10.14,07/01/2025,2025
SMITH-MOREHOUSE RES,SUMMIT,RAINBOW,750,10.77,07/07/2025,2025
SMITH-MOREHOUSE RES,SUMMIT,RAINBOW,850,10.77,07/07/2025,2025
SMITH-MOREHOUSE RES,SUMMIT,RAINBOW,803,10.44,07/14/2025,2025
SMITH-MOREHOUSE RES,SUMMIT,RAINBOW,803,10.44,07/14/2025,2025
SMITH-MOREHOUSE RES,SUMMIT,RAINBOW,798,10.96,07/15/2025,2025
SMITH-MOREHOUSE RES,SUMMIT,RAINBOW,798,10.96,07/15/2025,2025
SMITH-MOREHOUSE RES,SUMMIT,RAINBOW,900,10.77,07/21/2025,2025
SMITH-MOREHOUSE RES,SUMMIT,RAINBOW,900,10.77,07/21/2025,2025
SMITH-MOREHOUSE RES,SUMMIT,SPLAKE,1786,3.48,08/06/2025,2025
STATELINE RES,SUMMIT,RAINBOW,1600,10.77,06/02/2025,2025
STATELINE RES,SUMMIT,RAINBOW,1600,10.77,06/02/2025,2025
STATELINE RES,SUMMIT,RAINBOW,1600,10.77,06/02/2025,2025
STATELINE RES,SUMMIT,RAINBOW,1600,10.77,06/02/2025,2025
STATELINE RES,SUMMIT,RAINBOW,1600,10.77,06/03/2025,2025
STATELINE RES,SUMMIT,RAINBOW,1600,10.77,06/03/2025,2025
STILLWATER FK,SUMMIT,RAINBOW,200,10.77,07/09/2025,2025
STILLWATER FK,SUMMIT,RAINBOW,200,10.44,07/14/2025,2025
STILLWATER FK,SUMMIT,RAINBOW,202,12.44,07/30/2025,2025
WEBER R,SUMMIT,RAINBOW,99,10.44,07/14/2025,2025
WEBER R,SUMMIT,RAINBOW,99,10.44,07/14/2025,2025
WEBER R,SUMMIT,RAINBOW,99,10.44,07/14/2025,2025
WHITNEY RES,SUMMIT,RAINBOW,831,11.83,06/09/2025,2025
WHITNEY RES,SUMMIT,RAINBOW,831,11.83,06/09/2025,2025
WHITNEY RES,SUMMIT,RAINBOW,1500,10.14,07/01/2025,2025
WHITNEY RES,SUMMIT,RAINBOW,1505,10.52,07/03/2025,2025
WHITNEY RES,SUMMIT,RAINBOW,1500,10.77,07/07/2025,2025
WHITNEY RES,SUMMIT,RAINBOW,750,10.77,07/22/2025,2025
WHITNEY RES,SUMMIT,RAINBOW,750,10.77,07/22/2025,2025
BIG SANDWASH RES,DUCHESNE,RAINBOW,3680,10.46,04/06/2019,2019
BIG SANDWASH RES,DUCHESNE,WALLEYE,69200,0.32,04/09/2019,2019
BIG SANDWASH RES,DUCHESNE,RAINBOW,4140,10.46,04/11/2019,2019
BIG SANDWASH RES,DUCHESNE,RAINBOW,3680,10.46,04/11/2019,2019
BIG SANDWASH RES,DUCHESNE,RAINBOW,3496,10.46,04/12/2019,2019
BIG SANDWASH RES,DUCHESNE,WALLEYE,25000,0.32,04/23/2019,2019
BIG SANDWASH RES,DUCHESNE,TIGER TROUT,1000,10.46,05/15/2019,2019
BROWNS DRAW RES,DUCHESNE,RAINBOW,7536,3.83,04/16/2019,2019
DUCHESNE R,DUCHESNE,RAINBOW,249,9.52,07/03/2019,2019
DUCHESNE R,DUCHESNE,RAINBOW,270,10.36,07/24/2019,2019
DUCHESNE R,DUCHESNE,RAINBOW,250,9.87,08/21/2019,2019
"DUCHESNE R, N FK",DUCHESNE,RAINBOW,998,9.52,07/03/2019,2019
"DUCHESNE R, N FK",DUCHESNE,RAINBOW,788,10.36,07/24/2019,2019
"DUCHESNE R, N FK",DUCHESNE,RAINBOW,749,9.87,08/21/2019,2019
INDIAN CYN CR,DUCHESNE,CUTTHROAT,2005,2.46,10/21/2019,2019
LAKE CANYON L,DUCHESNE,CUTTHROAT,2588,5.01,05/28/2019,2019
LAKE CANYON L,DUCHESNE,TIGER TROUT,599,2.86,05/28/2019,2019
LAKE FK R,DUCHESNE,RAINBOW,476,9.63,05/31/2019,2019
LAKE FK R,DUCHESNE,RAINBOW,473,9.63,05/31/2019,2019
LAKE FK R,DUCHESNE,RAINBOW,496,10.96,07/15/2019,2019
LAKE FK R,DUCHESNE,RAINBOW,496,10.96,07/15/2019,2019
LAKE FK R,DUCHESNE,CUTTHROAT,14175,1.81,10/21/2019,2019
MOON L,DUCHESNE,RAINBOW,4200,9.63,05/30/2019,2019
MOON L,DUCHESNE,RAINBOW,3170,9.63,05/31/2019,2019
MOON L,DUCHESNE,TIGER TROUT,10001,2.78,06/07/2019,2019
MOON L,DUCHESNE,RAINBOW,380,10.96,07/15/2019,2019
RED CR RES,DUCHESNE,TIGER TROUT,4994,2.78,06/07/2019,2019
RED CR RES,DUCHESNE,RAINBOW,9960,3.53,06/07/2019,2019
ROCK CR,DUCHESNE,RAINBOW,1260,10.14,07/15/2019,2019
ROCK CR,DUCHESNE,RAINBOW,1008,10.6,08/07/2019,2019
ROCK CR,DUCHESNE,RAINBOW,798,9.87,08/21/2019,2019
SOWERS CR,DUCHESNE,CUTTHROAT,1932,2.28,10/17/2019,2019
STARVATION RES,DUCHESNE,PERCH YELLOW,327,8.05,04/25/2019,2019
STARVATION RES,DUCHESNE,PERCH YELLOW,72,8.05,05/01/2019,2019
STARVATION RES,DUCHESNE,CRAPPIE BLACK,427,8.67,05/30/2019,2019
STARVATION RES,DUCHESNE,RAINBOW,210,10.51,09/06/2019,2019
STARVATION RES,DUCHESNE,RAINBOW,8500,10.17,11/04/2019,2019
STARVATION RES,DUCHESNE,RAINBOW,1938,10.17,11/04/2019,2019
STARVATION RES,DUCHESNE,RAINBOW,8500,10.17,11/04/2019,2019
STARVATION RES,DUCHESNE,RAINBOW,8500,10.17,11/05/2019,2019
STARVATION RES,DUCHESNE,RAINBOW,8750,10.17,11/05/2019,2019
STARVATION RES,DUCHESNE,RAINBOW,8500,10.17,11/05/2019,2019
STARVATION RES,DUCHESNE,RAINBOW,4125,10.17,11/05/2019,2019
STARVATION RES,DUCHESNE,RAINBOW,4250,10.17,11/05/2019,2019
STARVATION RES,DUCHESNE,RAINBOW,2000,10.17,11/05/2019,2019
STARVATION RES,DUCHESNE,RAINBOW,2000,10.17,11/06/2019,2019
STARVATION RES,DUCHESNE,RAINBOW,5875,10.17,11/06/2019,2019
STARVATION RES,DUCHESNE,RAINBOW,2875,10.36,11/06/2019,2019
STARVATION RES,DUCHESNE,RAINBOW,1782,10.62,12/04/2019,2019
STRAWBERRY R,DUCHESNE,RAINBOW,504,10.6,07/01/2019,2019
STRAWBERRY R,DUCHESNE,RAINBOW,525,10.6,08/07/2019,2019
UINTA R,DUCHESNE,RAINBOW,1000,9.63,05/24/2019,2019
UINTA R,DUCHESNE,RAINBOW,1260,10.6,07/01/2019,2019
UINTA R,DUCHESNE,RAINBOW,624,9.52,07/03/2019,2019
UINTA R,DUCHESNE,RAINBOW,619,10.36,07/25/2019,2019
WOLF CR,DUCHESNE,CUTTHROAT,996,1.78,10/14/2019,2019
YELLOWSTONE R,DUCHESNE,RAINBOW,1010,10.14,07/15/2019,2019
YELLOWSTONE R,DUCHESNE,RAINBOW,1013,10.36,07/24/2019,2019
YELLOWSTONE R,DUCHESNE,RAINBOW,1008,10.6,08/07/2019,2019
BEAR R,SUMMIT,RAINBOW,151,9.64,06/21/2018,2018
BEAR R,SUMMIT,RAINBOW,148,9.64,07/02/2018,2018
BEAR R,SUMMIT,RAINBOW,101,10.21,07/19/2018,2018
BEAR R,SUMMIT,RAINBOW,99,9.77,07/30/2018,2018
DEER VALLEY LAKES,SUMMIT,RAINBOW,375,10,05/08/2018,2018
DEER VALLEY LAKES,SUMMIT,RAINBOW,375,9.63,05/22/2018,2018
DEER VALLEY LAKES,SUMMIT,RAINBOW,375,9.75,05/30/2018,2018
DEER VALLEY LAKES,SUMMIT,WIPER,1476,8.48,06/20/2018,2018
DEER VALLEY LAKES,SUMMIT,RAINBOW,750,10.77,09/14/2018,2018
DEER VALLEY LAKES,SUMMIT,TIGER TROUT,2988,5.41,09/20/2018,2018
DEER VALLEY LAKES,SUMMIT,RAINBOW,750,10.77,09/25/2018,2018
DEER VALLEY LAKES,SUMMIT,RAINBOW,375,10.39,10/09/2018,2018
ECHO RES,SUMMIT,WALLEYE,28160,0.28,04/04/2018,2018
ECHO RES,SUMMIT,WALLEYE,23632,0.28,04/07/2018,2018
ECHO RES,SUMMIT,WALLEYE,164800,0.28,04/11/2018,2018
ECHO RES,SUMMIT,WALLEYE,159520,0.28,04/13/2018,2018
ECHO RES,SUMMIT,RAINBOW,2868,8.91,04/30/2018,2018
ECHO RES,SUMMIT,RAINBOW,5664,8.91,04/30/2018,2018
ECHO RES,SUMMIT,RAINBOW,11859,8.91,04/30/2018,2018
ECHO RES,SUMMIT,RAINBOW,11730,8.98,04/30/2018,2018
ECHO RES,SUMMIT,RAINBOW,5848,9.03,04/30/2018,2018
ECHO RES,SUMMIT,RAINBOW,12036,8.91,04/30/2018,2018
HAYDEN FK,SUMMIT,RAINBOW,293,9.64,06/21/2018,2018
HAYDEN FK,SUMMIT,RAINBOW,301,9.64,07/02/2018,2018
HAYDEN FK,SUMMIT,RAINBOW,301,10.21,07/19/2018,2018
PRICE DAM,SUMMIT,RAINBOW,125,9.65,06/06/2018,2018
PRICE DAM,SUMMIT,RAINBOW,126,9.64,06/21/2018,2018
PRICE DAM,SUMMIT,RAINBOW,123,9.63,07/10/2018,2018
PRICE DAM,SUMMIT,RAINBOW,123,9.77,07/30/2018,2018
PROVO R,SUMMIT,RAINBOW,250,9.65,06/18/2018,2018
PROVO R,SUMMIT,RAINBOW,246,9.63,07/10/2018,2018
PROVO R,SUMMIT,RAINBOW,249,9.77,07/30/2018,2018
ROCKPORT RES,SUMMIT,RAINBOW,17739,8.01,09/24/2018,2018
ROCKPORT RES,SUMMIT,RAINBOW,18225,8.01,09/24/2018,2018
ROCKPORT RES,SUMMIT,RAINBOW,17739,8.01,09/24/2018,2018
ROCKPORT RES,SUMMIT,RAINBOW,17375,8.01,09/24/2018,2018
ROCKPORT RES,SUMMIT,RAINBOW,9720,8.01,09/25/2018,2018
ROCKPORT RES,SUMMIT,RAINBOW,119,9.36,11/21/2018,2018
SMITH-MOREHOUSE RES,SUMMIT,RAINBOW,2054,8.91,05/10/2018,2018
SMITH-MOREHOUSE RES,SUMMIT,KOKANEE,11972,3.25,05/16/2018,2018
SMITH-MOREHOUSE RES,SUMMIT,RAINBOW,1399,8.91,05/21/2018,2018
SMITH-MOREHOUSE RES,SUMMIT,RAINBOW,1543,9.65,06/04/2018,2018
SMITH-MOREHOUSE RES,SUMMIT,RAINBOW,2002,9.65,06/18/2018,2018
SMITH-MOREHOUSE RES,SUMMIT,RAINBOW,2000,9.64,07/02/2018,2018
SMITH-MOREHOUSE RES,SUMMIT,RAINBOW,2001,9.57,07/16/2018,2018
SMITH-MOREHOUSE RES,SUMMIT,RAINBOW,1501,9.77,07/24/2018,2018
SMITH-MOREHOUSE RES,SUMMIT,RAINBOW,1692,9.61,08/08/2018,2018
SMITH-MOREHOUSE RES,SUMMIT,RAINBOW,4068,10.34,08/20/2018,2018
SMITH-MOREHOUSE RES,SUMMIT,RAINBOW,1530,11.16,09/19/2018,2018
SMITH-MOREHOUSE RES,SUMMIT,GRAYLING ARCTIC,20400,2.71,09/19/2018,2018
SMITH-MOREHOUSE RES,SUMMIT,GRAYLING ARCTIC,37000,3.42,10/29/2018,2018
STATELINE RES,SUMMIT,RAINBOW,10070,9.17,05/29/2018,2018
STILLWATER FK,SUMMIT,RAINBOW,201,9.64,06/21/2018,2018
STILLWATER FK,SUMMIT,RAINBOW,201,9.64,07/02/2018,2018
STILLWATER FK,SUMMIT,RAINBOW,200,10.21,07/19/2018,2018
STILLWATER FK,SUMMIT,RAINBOW,200,9.61,08/13/2018,2018
TOMAHAWK,SUMMIT,RAINBOW,125,9.65,06/06/2018,2018
TOMAHAWK,SUMMIT,RAINBOW,126,9.64,06/21/2018,2018
TOMAHAWK,SUMMIT,RAINBOW,123,9.63,07/10/2018,2018
TOMAHAWK,SUMMIT,RAINBOW,123,9.77,07/30/2018,2018
WEBER R,SUMMIT,RAINBOW,100,9.65,06/18/2018,2018
WEBER R,SUMMIT,RAINBOW,100,9.65,06/18/2018,2018
WEBER R,SUMMIT,RAINBOW,100,9.65,06/18/2018,2018
WEBER R,SUMMIT,RAINBOW,100,9.64,07/02/2018,2018
WEBER R,SUMMIT,RAINBOW,100,9.64,07/02/2018,2018
WEBER R,SUMMIT,RAINBOW,100,9.64,07/02/2018,2018
WEBER R,SUMMIT,RAINBOW,100,9.57,07/16/2018,2018
WEBER R,SUMMIT,RAINBOW,100,9.57,07/16/2018,2018
WEBER R,SUMMIT,RAINBOW,100,9.57,07/16/2018,2018
WEBER R,SUMMIT,RAINBOW,99,9.61,08/08/2018,2018
WEBER R,SUMMIT,RAINBOW,99,9.61,08/08/2018,2018
WEBER R,SUMMIT,RAINBOW,99,9.61,08/08/2018,2018
WHITNEY RES,SUMMIT,RAINBOW,3998,9.65,05/30/2018,2018
WHITNEY RES,SUMMIT,RAINBOW,2998,9.57,07/02/2018,2018
WHITNEY RES,SUMMIT,TIGER TROUT,19950,4.71,07/12/2018,2018
WHITNEY RES,SUMMIT,RAINBOW,2000,10.21,07/19/2018,2018
WINDSOR POND,SUMMIT,RAINBOW,125,9.65,06/06/2018,2018
WINDSOR POND,SUMMIT,RAINBOW,126,9.64,06/21/2018,2018
WINDSOR POND,SUMMIT,RAINBOW,123,9.63,07/10/2018,2018
WINDSOR POND,SUMMIT,RAINBOW,123,9.77,07/30/2018,2018
BEAR R,SUMMIT,RAINBOW,98,10.07,07/05/2022,2022
BEAR R,SUMMIT,RAINBOW,100,10.07,07/19/2022,2022
BEAR R,SUMMIT,RAINBOW,50,10,08/01/2022,2022
DEER VALLEY LAKES,SUMMIT,RAINBOW,534,10.22,05/04/2022,2022
DEER VALLEY LAKES,SUMMIT,RAINBOW,203,10.17,05/09/2022,2022
DEER VALLEY LAKES,SUMMIT,RAINBOW,468,10.31,05/16/2022,2022
DEER VALLEY LAKES,SUMMIT,RAINBOW,600,10.19,06/10/2022,2022
DEER VALLEY LAKES,SUMMIT,RAINBOW,841,10.15,06/14/2022,2022
DEER VALLEY LAKES,SUMMIT,RAINBOW,360,11.6,07/03/2022,2022
DEER VALLEY LAKES,SUMMIT,WIPER,1500,7.52,07/06/2022,2022
DEER VALLEY LAKES,SUMMIT,WIPER,310,7.21,07/19/2022,2022
DEER VALLEY LAKES,SUMMIT,TIGER TROUT,2989,5.9,10/17/2022,2022
ECHO RES,SUMMIT,RAINBOW,3042,11.39,04/18/2022,2022
ECHO RES,SUMMIT,RAINBOW,3380,11.39,04/18/2022,2022
ECHO RES,SUMMIT,RAINBOW,2907,11.39,04/18/2022,2022
ECHO RES,SUMMIT,RAINBOW,1125,11.86,09/27/2022,2022
ECHO RES,SUMMIT,RAINBOW,5525,11.37,09/27/2022,2022
HAYDEN FK,SUMMIT,RAINBOW,196,10.07,07/05/2022,2022
HAYDEN FK,SUMMIT,RAINBOW,201,10.07,07/19/2022,2022
HAYDEN FK,SUMMIT,RAINBOW,200,10,08/01/2022,2022
PROVO R,SUMMIT,RAINBOW,256,9.21,06/21/2022,2022
PROVO R,SUMMIT,RAINBOW,253,9.21,06/27/2022,2022
PROVO R,SUMMIT,RAINBOW,257,10.07,07/05/2022,2022
PROVO R,SUMMIT,RAINBOW,252,10.07,07/11/2022,2022
PROVO R,SUMMIT,RAINBOW,250,10,07/26/2022,2022
PROVO R,SUMMIT,RAINBOW,250,10,08/08/2022,2022
ROCKPORT RES,SUMMIT,RAINBOW,6084,11.39,04/19/2022,2022
ROCKPORT RES,SUMMIT,RAINBOW,1690,11.39,04/21/2022,2022
ROCKPORT RES,SUMMIT,KOKANEE,30179,3.15,05/11/2022,2022
ROCKPORT RES,SUMMIT,RAINBOW,6885,11.37,09/26/2022,2022
ROCKPORT RES,SUMMIT,RAINBOW,7140,11.37,09/26/2022,2022
ROCKPORT RES,SUMMIT,RAINBOW,1400,12.13,10/24/2022,2022
ROCKPORT RES,SUMMIT,RAINBOW,1000,12.92,11/08/2022,2022
SMITH-MOREHOUSE RES,SUMMIT,RAINBOW,1508,9.52,05/23/2022,2022
SMITH-MOREHOUSE RES,SUMMIT,RAINBOW,1504,9.21,06/02/2022,2022
SMITH-MOREHOUSE RES,SUMMIT,RAINBOW,2001,9.41,06/06/2022,2022
SMITH-MOREHOUSE RES,SUMMIT,SPLAKE,506,3.41,06/22/2022,2022
SMITH-MOREHOUSE RES,SUMMIT,RAINBOW,2009,10.07,07/04/2022,2022
SMITH-MOREHOUSE RES,SUMMIT,RAINBOW,2000,10,07/21/2022,2022
SMITH-MOREHOUSE RES,SUMMIT,RAINBOW,2001,10.28,08/22/2022,2022
"SMITHS FK, W FK",SUMMIT,CUTTHROAT,99,15.35,08/09/2022,2022
STATELINE RES,SUMMIT,RAINBOW,7540,9.52,05/26/2022,2022
STATELINE RES,SUMMIT,LAKE TROUT,3024,4.63,07/19/2022,2022
STILLWATER FK,SUMMIT,RAINBOW,196,10.07,07/05/2022,2022
STILLWATER FK,SUMMIT,RAINBOW,201,10.07,07/19/2022,2022
STILLWATER FK,SUMMIT,RAINBOW,200,10,08/01/2022,2022
STILLWATER FK,SUMMIT,RAINBOW,200,10,08/15/2022,2022
WEBER R,SUMMIT,RAINBOW,802,10.14,05/16/2022,2022
WEBER R,SUMMIT,RAINBOW,112,9.21,06/02/2022,2022
WEBER R,SUMMIT,RAINBOW,224,9.21,06/02/2022,2022
WEBER R,SUMMIT,RAINBOW,112,9.21,06/02/2022,2022
WEBER R,SUMMIT,RAINBOW,75,10,07/21/2022,2022
WEBER R,SUMMIT,RAINBOW,200,10,07/21/2022,2022
WEBER R,SUMMIT,RAINBOW,75,10,07/21/2022,2022
WEBER R,SUMMIT,RAINBOW,76,10.28,08/22/2022,2022
WEBER R,SUMMIT,RAINBOW,101,10.28,08/22/2022,2022
WEBER R,SUMMIT,RAINBOW,76,10.28,08/22/2022,2022
WHITNEY RES,SUMMIT,RAINBOW,3540,9.41,06/02/2022,2022
WHITNEY RES,SUMMIT,RAINBOW,1600,9.21,06/02/2022,2022
WHITNEY RES,SUMMIT,RAINBOW,506,10.96,06/22/2022,2022
WHITNEY RES,SUMMIT,RAINBOW,1700,10.07,07/12/2022,2022
WHITNEY RES,SUMMIT,TIGER TROUT,9660,4.99,07/21/2022,2022
WHITNEY RES,SUMMIT,TIGER TROUT,9660,4.99,07/21/2022,2022
AVINTAQUIN CR,DUCHESNE,CUTTHROAT,3500,2.04,10/23/2024,2024
BIG SANDWASH RES,DUCHESNE,RAINBOW,5136,9.4,05/10/2024,2024
BIG SANDWASH RES,DUCHESNE,RAINBOW,2226,9.4,05/10/2024,2024
BIG SANDWASH RES,DUCHESNE,RAINBOW,4960,9.41,05/18/2024,2024
BIG SANDWASH RES,DUCHESNE,RAINBOW,1681,9.41,05/18/2024,2024
BIG SANDWASH RES,DUCHESNE,RAINBOW,2000,9.79,11/14/2024,2024
BIG SANDWASH RES,DUCHESNE,RAINBOW,1562,4.82,11/18/2024,2024
BIG SANDWASH RES,DUCHESNE,RAINBOW,3977,4.56,11/18/2024,2024
BIG SANDWASH RES,DUCHESNE,RAINBOW,315,4.15,11/18/2024,2024
BROWNS DRAW RES,DUCHESNE,RAINBOW,14969,3.57,05/15/2024,2024
BROWNS DRAW RES,DUCHESNE,TIGER TROUT,1304,3.17,05/29/2024,2024
BROWNS DRAW RES,DUCHESNE,BROWN TROUT,2003,2.57,06/15/2024,2024
DUCHESNE R,DUCHESNE,RAINBOW,400,10.12,06/26/2024,2024
DUCHESNE R,DUCHESNE,RAINBOW,400,10.56,07/22/2024,2024
"DUCHESNE R, N FK",DUCHESNE,RAINBOW,1000,10.12,06/26/2024,2024
"DUCHESNE R, N FK",DUCHESNE,RAINBOW,899,10.56,07/22/2024,2024
"DUCHESNE R, N FK",DUCHESNE,RAINBOW,900,10.94,08/06/2024,2024
FALL CR,DUCHESNE,CUTTHROAT,2543,1.52,10/01/2024,2024
FALL CR,DUCHESNE,CUTTHROAT,430,1.59,10/01/2024,2024
LAKE CANYON L,DUCHESNE,TIGER TROUT,601,3.31,06/02/2024,2024
LAKE CANYON L,DUCHESNE,CUTTHROAT,501,5.44,06/02/2024,2024
LAKE CANYON L,DUCHESNE,CUTTHROAT,1001,5.2,06/02/2024,2024
LAKE CYN,DUCHESNE,CUTTHROAT,93,7.43,10/23/2024,2024
LAKE CYN,DUCHESNE,CUTTHROAT,907,2.04,10/23/2024,2024
LAKE FK R,DUCHESNE,RAINBOW,400,10.08,06/21/2024,2024
LAKE FK R,DUCHESNE,RAINBOW,401,10.14,06/25/2024,2024
LAKE FK R,DUCHESNE,RAINBOW,400,10.12,06/26/2024,2024
LAKE FK R,DUCHESNE,CUTTHROAT,716,1.59,10/01/2024,2024
LAKE FK R,DUCHESNE,CUTTHROAT,212,6.06,10/01/2024,2024
MOON L,DUCHESNE,RAINBOW,2134,12.09,05/27/2024,2024
MOON L,DUCHESNE,RAINBOW,2288,12.04,05/31/2024,2024
MOON L,DUCHESNE,RAINBOW,329,12.28,06/07/2024,2024
MOON L,DUCHESNE,TIGER TROUT,1400,10,07/02/2024,2024
MOON L,DUCHESNE,SPLAKE,6535,2.94,07/09/2024,2024
MOON L,DUCHESNE,TIGER TROUT,1501,11.46,08/27/2024,2024
RED CR,DUCHESNE,CUTTHROAT,3007,4.62,04/21/2024,2024
RED CR,DUCHESNE,CUTTHROAT,1714,4.47,04/21/2024,2024
RED CR RES,DUCHESNE,TIGER TROUT,5000,3.17,05/29/2024,2024
RED CR RES,DUCHESNE,RAINBOW,9420,6.83,09/04/2024,2024
ROCK CR,DUCHESNE,BROWN TROUT,201,2.46,06/07/2024,2024
ROCK CR,DUCHESNE,TIGER TROUT,268,3.26,06/07/2024,2024
ROCK CR,DUCHESNE,CUTTHROAT,300,4.36,06/07/2024,2024
ROCK CR,DUCHESNE,RAINBOW,1092,9.99,06/28/2024,2024
ROCK CR,DUCHESNE,RAINBOW,696,10.56,07/22/2024,2024
ROCK CR,DUCHESNE,RAINBOW,507,10.94,08/06/2024,2024
"ROCK CR, S FK",DUCHESNE,BROOK TROUT,931,4.85,08/19/2024,2024
SOWERS CR,DUCHESNE,CUTTHROAT,1010,2.08,10/22/2024,2024
STARVATION RES,DUCHESNE,SUNFISH BLUEGILL,1495,3.38,10/03/2024,2024
STARVATION RES,DUCHESNE,RAINBOW,1880,10.32,11/10/2024,2024
STARVATION RES,DUCHESNE,RAINBOW,19324,2.32,11/11/2024,2024
STARVATION RES,DUCHESNE,RAINBOW,1825,10.29,11/11/2024,2024
STARVATION RES,DUCHESNE,RAINBOW,1652,10.31,11/11/2024,2024
STARVATION RES,DUCHESNE,RAINBOW,1960,10.18,11/11/2024,2024
STARVATION RES,DUCHESNE,RAINBOW,9125,10.11,11/12/2024,2024
STARVATION RES,DUCHESNE,RAINBOW,1008,10.08,11/12/2024,2024
STARVATION RES,DUCHESNE,RAINBOW,731,10.08,11/12/2024,2024
STARVATION RES,DUCHESNE,RAINBOW,10920,9.82,11/12/2024,2024
STARVATION RES,DUCHESNE,RAINBOW,538,10.11,11/12/2024,2024
STARVATION RES,DUCHESNE,RAINBOW,9640,10.24,11/13/2024,2024
STARVATION RES,DUCHESNE,RAINBOW,3800,10.31,11/13/2024,2024
STARVATION RES,DUCHESNE,RAINBOW,9560,10.26,11/13/2024,2024
STARVATION RES,DUCHESNE,RAINBOW,17,13.42,11/14/2024,2024
STARVATION RES,DUCHESNE,RAINBOW,2200,9.79,11/14/2024,2024
STARVATION RES,DUCHESNE,RAINBOW,50,10.11,11/14/2024,2024
STARVATION RES,DUCHESNE,RAINBOW,3057,9.66,11/15/2024,2024
STARVATION RES,DUCHESNE,RAINBOW,1352,10.14,11/15/2024,2024
STARVATION RES,DUCHESNE,RAINBOW,2183,9.37,11/15/2024,2024
STRAWBERRY R,DUCHESNE,RAINBOW,508,9.43,06/13/2024,2024
STRAWBERRY R,DUCHESNE,RAINBOW,500,10.08,07/09/2024,2024
UINTA POND,DUCHESNE,RAINBOW,500,9.53,05/24/2024,2024
UINTA POND,DUCHESNE,BROOK TROUT,104,3.2,06/08/2024,2024
UINTA POND,DUCHESNE,RAINBOW,500,9.84,06/08/2024,2024
UINTA R,DUCHESNE,RAINBOW,1000,10.19,06/28/2024,2024
UINTA R,DUCHESNE,RAINBOW,999,10.48,07/21/2024,2024
UINTA R,DUCHESNE,RAINBOW,819,10.78,08/16/2024,2024
UPPER STILLWATER RES,DUCHESNE,BROOK TROUT,3036,4.67,08/19/2024,2024
WOLF CR,DUCHESNE,BROOK TROUT,1861,4.85,08/19/2024,2024
YELLOWSTONE R,DUCHESNE,RAINBOW,498,10.14,06/25/2024,2024
YELLOWSTONE R,DUCHESNE,RAINBOW,1000,10.51,07/23/2024,2024
YELLOWSTONE R,DUCHESNE,RAINBOW,502,10.94,08/06/2024,2024
BIG SANDWASH RES,DUCHESNE,RAINBOW,3169,9.54,05/17/2025,2025
BIG SANDWASH RES,DUCHESNE,RAINBOW,4960,9.69,05/24/2025,2025
BIG SANDWASH RES,DUCHESNE,RAINBOW,4913,9.6,06/01/2025,2025
BROWNS DRAW RES,DUCHESNE,RAINBOW,15003,4.17,05/03/2025,2025
BROWNS DRAW RES,DUCHESNE,TIGER TROUT,1362,3.1,05/30/2025,2025
DUCHESNE R,DUCHESNE,RAINBOW,399,10.07,06/16/2025,2025
DUCHESNE R,DUCHESNE,RAINBOW,400,10.35,07/02/2025,2025
"DUCHESNE R, N FK",DUCHESNE,RAINBOW,1000,10.07,06/16/2025,2025
"DUCHESNE R, N FK",DUCHESNE,RAINBOW,1002,10.35,07/02/2025,2025
"DUCHESNE R, N FK",DUCHESNE,RAINBOW,800,10.85,07/21/2025,2025
LAKE CANYON L,DUCHESNE,TIGER TROUT,606,3.24,05/27/2025,2025
LAKE CANYON L,DUCHESNE,CUTTHROAT,900,5.31,05/27/2025,2025
LAKE FK R,DUCHESNE,RAINBOW,402,10.07,06/16/2025,2025
LAKE FK R,DUCHESNE,RAINBOW,400,10.37,07/03/2025,2025
MOON L,DUCHESNE,RAINBOW,3983,9.76,05/29/2025,2025
MOON L,DUCHESNE,RAINBOW,3901,9.91,06/10/2025,2025
MOON L,DUCHESNE,TIGER TROUT,1400,11.26,07/23/2025,2025
MOON L,DUCHESNE,SPLAKE,6508,3.06,08/05/2025,2025
RED CR RES,DUCHESNE,RAINBOW,4502,3.86,05/01/2025,2025
RED CR RES,DUCHESNE,TIGER TROUT,1004,3.33,06/04/2025,2025
ROCK CR,DUCHESNE,RAINBOW,498,10.09,06/13/2025,2025
ROCK CR,DUCHESNE,RAINBOW,650,10.37,07/03/2025,2025
STARVATION RES,DUCHESNE,RAINBOW,2016,6.15,01/11/2025,2025
STRAWBERRY R,DUCHESNE,RAINBOW,500,10.31,06/26/2025,2025
UINTA POND,DUCHESNE,RAINBOW,500,9.25,05/09/2025,2025
UINTA POND,DUCHESNE,RAINBOW,501,9.54,05/25/2025,2025
UINTA POND,DUCHESNE,BROOK TROUT,102,3.57,06/11/2025,2025
UINTA R,DUCHESNE,RAINBOW,987,10.01,06/11/2025,2025
UINTA R,DUCHESNE,RAINBOW,387,10.31,07/04/2025,2025
UINTA R,DUCHESNE,RAINBOW,546,10.11,07/04/2025,2025
UPPER STILLWATER RES,DUCHESNE,BROOK TROUT,3001,3.63,06/13/2025,2025
YELLOWSTONE R,DUCHESNE,RAINBOW,498,10.09,06/13/2025,2025
YELLOWSTONE R,DUCHESNE,RAINBOW,721,10.37,07/03/2025,2025
YELLOWSTONE R,DUCHESNE,RAINBOW,537,10.85,07/21/2025,2025
YELLOWSTONE R,DUCHESNE,RAINBOW,250,10.77,07/23/2025,2025
BEAR R,SUMMIT,RAINBOW,53,11.26,07/03/2023,2023
BEAR R,SUMMIT,RAINBOW,102,11.26,07/18/2023,2023
BEAR R,SUMMIT,RAINBOW,101,12.13,08/02/2023,2023
DEER VALLEY LAKES,SUMMIT,RAINBOW,299,10.1,05/11/2023,2023
DEER VALLEY LAKES,SUMMIT,RAINBOW,1503,9.94,06/05/2023,2023
DEER VALLEY LAKES,SUMMIT,RAINBOW,601,10.19,06/28/2023,2023
DEER VALLEY LAKES,SUMMIT,RAINBOW,304,10.14,08/14/2023,2023
DEER VALLEY LAKES,SUMMIT,TIGER TROUT,3002,5.44,10/21/2023,2023
ECHO RES,SUMMIT,RAINBOW,2409,11.49,05/02/2023,2023
ECHO RES,SUMMIT,RAINBOW,6600,11.49,05/02/2023,2023
ECHO RES,SUMMIT,CHANNEL CATFISH,382,13.57,06/01/2023,2023
ECHO RES,SUMMIT,RAINBOW,1750,12.6,06/26/2023,2023
ECHO RES,SUMMIT,RAINBOW,2000,12.6,09/26/2023,2023
ECHO RES,SUMMIT,RAINBOW,2594,12.6,09/26/2023,2023
ECHO RES,SUMMIT,RAINBOW,1875,12.6,09/26/2023,2023
HAYDEN FK,SUMMIT,RAINBOW,105,11.26,07/03/2023,2023
HAYDEN FK,SUMMIT,RAINBOW,201,11.26,07/18/2023,2023
HAYDEN FK,SUMMIT,RAINBOW,200,12.13,08/02/2023,2023
HAYDEN FK,SUMMIT,RAINBOW,150,11.65,08/08/2023,2023
PROVO R,SUMMIT,RAINBOW,248,11.6,06/29/2023,2023
PROVO R,SUMMIT,RAINBOW,256,11.26,07/18/2023,2023
ROCKPORT RES,SUMMIT,RAINBOW,2600,12.44,05/16/2023,2023
ROCKPORT RES,SUMMIT,RAINBOW,2704,12.44,05/17/2023,2023
ROCKPORT RES,SUMMIT,RAINBOW,2678,12.44,05/18/2023,2023
ROCKPORT RES,SUMMIT,RAINBOW,4500,10.28,08/03/2023,2023
ROCKPORT RES,SUMMIT,RAINBOW,2900,11.99,09/25/2023,2023
ROCKPORT RES,SUMMIT,RAINBOW,2900,11.99,09/25/2023,2023
ROCKPORT RES,SUMMIT,RAINBOW,2900,11.99,09/25/2023,2023
ROCKPORT RES,SUMMIT,RAINBOW,1740,11.99,09/26/2023,2023
ROCKPORT RES,SUMMIT,RAINBOW,2248,11.99,09/26/2023,2023
ROCKPORT RES,SUMMIT,RAINBOW,2536,12.08,10/31/2023,2023
SMITH-MOREHOUSE RES,SUMMIT,RAINBOW,1550,10.77,06/01/2023,2023
SMITH-MOREHOUSE RES,SUMMIT,SPLAKE,505,3.27,06/08/2023,2023
SMITH-MOREHOUSE RES,SUMMIT,RAINBOW,2052,10.96,06/20/2023,2023
SMITH-MOREHOUSE RES,SUMMIT,RAINBOW,1601,11.26,07/05/2023,2023
SMITH-MOREHOUSE RES,SUMMIT,RAINBOW,1601,11.26,07/17/2023,2023
SMITH-MOREHOUSE RES,SUMMIT,RAINBOW,1501,11.99,07/25/2023,2023
SMITH-MOREHOUSE RES,SUMMIT,RAINBOW,1641,12.13,08/07/2023,2023
SMITH-MOREHOUSE RES,SUMMIT,RAINBOW,1498,12.13,08/23/2023,2023
SMITH-MOREHOUSE RES,SUMMIT,GRAYLING ARCTIC,7450,2.68,09/21/2023,2023
"SMITHS FK, W FK",SUMMIT,CUTTHROAT,293,13.28,07/19/2023,2023
"SMITHS FK, W FK",SUMMIT,CUTTHROAT,2725,1.66,09/29/2023,2023
STATELINE RES,SUMMIT,RAINBOW,7497,10.6,06/06/2023,2023
STATELINE RES,SUMMIT,LAKE TROUT,1002,5.23,10/24/2023,2023
STILLWATER FK,SUMMIT,RAINBOW,105,11.26,07/03/2023,2023
STILLWATER FK,SUMMIT,RAINBOW,201,11.26,07/18/2023,2023
STILLWATER FK,SUMMIT,RAINBOW,200,12.13,08/02/2023,2023
STILLWATER FK,SUMMIT,RAINBOW,201,11.65,08/08/2023,2023
WEBER R,SUMMIT,RAINBOW,105,11.26,07/05/2023,2023
WEBER R,SUMMIT,RAINBOW,105,11.26,07/05/2023,2023
WEBER R,SUMMIT,RAINBOW,105,11.26,07/05/2023,2023
WEBER R,SUMMIT,RAINBOW,151,11.26,07/17/2023,2023
WEBER R,SUMMIT,RAINBOW,75,11.26,07/17/2023,2023
WEBER R,SUMMIT,RAINBOW,80,11.99,07/25/2023,2023
WEBER R,SUMMIT,RAINBOW,76,12.13,08/07/2023,2023
WEBER R,SUMMIT,RAINBOW,76,12.13,08/07/2023,2023
WEBER R,SUMMIT,RAINBOW,76,12.13,08/07/2023,2023
WHITNEY RES,SUMMIT,RAINBOW,3135,10.96,06/20/2023,2023
WHITNEY RES,SUMMIT,RAINBOW,560,11.6,06/20/2023,2023
WHITNEY RES,SUMMIT,RAINBOW,2503,11.26,07/12/2023,2023
WHITNEY RES,SUMMIT,TIGER TROUT,10140,4.18,07/18/2023,2023
WHITNEY RES,SUMMIT,TIGER TROUT,10140,4.18,07/18/2023,2023
BEAR R,SUMMIT,RAINBOW,149,10.12,07/10/2019,2019
BEAR R,SUMMIT,RAINBOW,150,10,07/16/2019,2019
BEAR R,SUMMIT,RAINBOW,101,9.63,07/29/2019,2019
BEAR R,SUMMIT,RAINBOW,101,10.52,08/12/2019,2019
DEER VALLEY LAKES,SUMMIT,RAINBOW,499,9.33,05/13/2019,2019
DEER VALLEY LAKES,SUMMIT,RAINBOW,500,10.77,06/04/2019,2019
DEER VALLEY LAKES,SUMMIT,RAINBOW,500,9.75,06/25/2019,2019
DEER VALLEY LAKES,SUMMIT,RAINBOW,527,9.75,07/01/2019,2019
DEER VALLEY LAKES,SUMMIT,RAINBOW,506,10.12,07/15/2019,2019
DEER VALLEY LAKES,SUMMIT,RAINBOW,498,9.63,07/29/2019,2019
DEER VALLEY LAKES,SUMMIT,TIGER TROUT,2999,5.19,10/14/2019,2019
ECHO RES,SUMMIT,WALLEYE,113920,0.32,04/12/2019,2019
ECHO RES,SUMMIT,WALLEYE,89600,0.32,04/12/2019,2019
ECHO RES,SUMMIT,RAINBOW,2646,11.94,04/15/2019,2019
ECHO RES,SUMMIT,WALLEYE,38100,0.32,04/15/2019,2019
ECHO RES,SUMMIT,WALLEYE,107870,0.32,04/15/2019,2019
ECHO RES,SUMMIT,WALLEYE,63350,0.32,04/15/2019,2019
ECHO RES,SUMMIT,WALLEYE,15500,0.32,04/15/2019,2019
ECHO RES,SUMMIT,RAINBOW,2646,11.94,04/15/2019,2019
ECHO RES,SUMMIT,RAINBOW,2646,11.94,04/15/2019,2019
ECHO RES,SUMMIT,RAINBOW,6023,11.49,04/16/2019,2019
ECHO RES,SUMMIT,RAINBOW,1543,11.49,04/16/2019,2019
ECHO RES,SUMMIT,RAINBOW,1696,10.56,11/05/2019,2019
HAYDEN FK,SUMMIT,RAINBOW,301,10.12,07/10/2019,2019
HAYDEN FK,SUMMIT,RAINBOW,300,10,07/16/2019,2019
HAYDEN FK,SUMMIT,RAINBOW,151,9.63,07/29/2019,2019
HAYDEN FK,SUMMIT,RAINBOW,151,10.52,08/12/2019,2019
PRICE DAM,SUMMIT,RAINBOW,125,8.97,06/17/2019,2019
PRICE DAM,SUMMIT,RAINBOW,162,9.75,07/01/2019,2019
PRICE DAM,SUMMIT,RAINBOW,125,10,07/16/2019,2019
PRICE DAM,SUMMIT,RAINBOW,126,9.63,07/29/2019,2019
PROVO R,SUMMIT,RAINBOW,251,10.12,07/08/2019,2019
PROVO R,SUMMIT,RAINBOW,250,10,07/16/2019,2019
PROVO R,SUMMIT,RAINBOW,249,9.63,07/22/2019,2019
PROVO R,SUMMIT,RAINBOW,249,10.52,08/07/2019,2019
ROCKPORT RES,SUMMIT,TIGER TROUT,20002,2.58,04/16/2019,2019
ROCKPORT RES,SUMMIT,RAINBOW,990,13.15,09/23/2019,2019
ROCKPORT RES,SUMMIT,RAINBOW,2720,11.37,09/23/2019,2019
ROCKPORT RES,SUMMIT,RAINBOW,1700,11.37,09/23/2019,2019
ROCKPORT RES,SUMMIT,RAINBOW,2040,11.37,09/23/2019,2019
ROCKPORT RES,SUMMIT,RAINBOW,440,13.15,09/23/2019,2019
ROCKPORT RES,SUMMIT,RAINBOW,1828,11.37,09/23/2019,2019
ROCKPORT RES,SUMMIT,RAINBOW,1760,13.15,09/23/2019,2019
ROCKPORT RES,SUMMIT,RAINBOW,1320,13.15,09/23/2019,2019
ROCKPORT RES,SUMMIT,RAINBOW,1804,13.15,09/23/2019,2019
ROCKPORT RES,SUMMIT,RAINBOW,1250,12.6,09/24/2019,2019
ROCKPORT RES,SUMMIT,RAINBOW,1300,12.6,09/24/2019,2019
ROCKPORT RES,SUMMIT,RAINBOW,1188,12.6,09/24/2019,2019
ROCKPORT RES,SUMMIT,RAINBOW,2364,10.68,10/03/2019,2019
ROCKPORT RES,SUMMIT,RAINBOW,3913,11.46,10/03/2019,2019
ROCKPORT RES,SUMMIT,RAINBOW,110,10.74,11/20/2019,2019
SMITH-MOREHOUSE RES,SUMMIT,RAINBOW,2000,10.77,05/28/2019,2019
SMITH-MOREHOUSE RES,SUMMIT,RAINBOW,2000,10.77,06/04/2019,2019
SMITH-MOREHOUSE RES,SUMMIT,RAINBOW,1498,8.97,06/17/2019,2019
SMITH-MOREHOUSE RES,SUMMIT,RAINBOW,1401,9.75,06/25/2019,2019
SMITH-MOREHOUSE RES,SUMMIT,RAINBOW,2079,9.75,07/01/2019,2019
SMITH-MOREHOUSE RES,SUMMIT,RAINBOW,1000,10.12,07/10/2019,2019
SMITH-MOREHOUSE RES,SUMMIT,RAINBOW,998,9.87,07/15/2019,2019
SMITH-MOREHOUSE RES,SUMMIT,RAINBOW,1100,9.63,07/29/2019,2019
SMITH-MOREHOUSE RES,SUMMIT,RAINBOW,1501,10.52,08/05/2019,2019
SMITH-MOREHOUSE RES,SUMMIT,RAINBOW,1500,10.77,08/19/2019,2019
SMITH-MOREHOUSE RES,SUMMIT,TIGER TROUT,1560,9.87,09/17/2019,2019
SMITH-MOREHOUSE RES,SUMMIT,GRAYLING ARCTIC,18816,2.39,10/01/2019,2019
STATELINE RES,SUMMIT,RAINBOW,10030,9.03,06/11/2019,2019
STILLWATER FK,SUMMIT,RAINBOW,200,10.12,07/10/2019,2019
STILLWATER FK,SUMMIT,RAINBOW,200,10,07/16/2019,2019
STILLWATER FK,SUMMIT,RAINBOW,202,9.63,07/29/2019,2019
STILLWATER FK,SUMMIT,RAINBOW,430,10.52,08/12/2019,2019
TOMAHAWK,SUMMIT,RAINBOW,125,8.97,06/17/2019,2019
TOMAHAWK,SUMMIT,RAINBOW,162,9.75,07/01/2019,2019
TOMAHAWK,SUMMIT,RAINBOW,125,10,07/16/2019,2019
TOMAHAWK,SUMMIT,RAINBOW,126,9.63,07/29/2019,2019
WEBER R,SUMMIT,RAINBOW,96,10.12,07/10/2019,2019
WEBER R,SUMMIT,RAINBOW,96,10.12,07/10/2019,2019
WEBER R,SUMMIT,RAINBOW,96,10.12,07/10/2019,2019
WEBER R,SUMMIT,RAINBOW,99,9.87,07/15/2019,2019
WEBER R,SUMMIT,RAINBOW,99,9.87,07/15/2019,2019
WEBER R,SUMMIT,RAINBOW,99,9.87,07/15/2019,2019
WEBER R,SUMMIT,RAINBOW,101,9.63,07/29/2019,2019
WEBER R,SUMMIT,RAINBOW,101,9.63,07/29/2019,2019
WEBER R,SUMMIT,RAINBOW,101,9.63,07/29/2019,2019
WEBER R,SUMMIT,RAINBOW,101,10.52,08/05/2019,2019
WEBER R,SUMMIT,RAINBOW,101,10.52,08/05/2019,2019
WEBER R,SUMMIT,RAINBOW,101,10.52,08/05/2019,2019
WEBER R,SUMMIT,RAINBOW,100,10.77,08/19/2019,2019
WEBER R,SUMMIT,RAINBOW,100,10.77,08/19/2019,2019
WEBER R,SUMMIT,RAINBOW,100,10.77,08/19/2019,2019
WHITNEY RES,SUMMIT,RAINBOW,3999,9.75,06/24/2019,2019
WHITNEY RES,SUMMIT,RAINBOW,3000,10.12,07/10/2019,2019
WHITNEY RES,SUMMIT,TIGER TROUT,10140,3.64,07/16/2019,2019
WHITNEY RES,SUMMIT,TIGER TROUT,10140,3.64,07/16/2019,2019
WHITNEY RES,SUMMIT,RAINBOW,1999,9.63,07/22/2019,2019
WINDSOR POND,SUMMIT,RAINBOW,125,8.97,06/17/2019,2019
WINDSOR POND,SUMMIT,RAINBOW,162,9.75,07/01/2019,2019
WINDSOR POND,SUMMIT,RAINBOW,125,10,07/16/2019,2019
WINDSOR POND,SUMMIT,RAINBOW,126,9.63,07/29/2019,2019
BEAR R,SUMMIT,RAINBOW,150,9.21,07/02/2020,2020
BEAR R,SUMMIT,RAINBOW,151,9.52,07/14/2020,2020
BEAR R,SUMMIT,RAINBOW,102,11.99,07/27/2020,2020
BEAR R,SUMMIT,RAINBOW,102,8.94,08/10/2020,2020
DEER VALLEY LAKES,SUMMIT,WIPER,1500,8.55,05/14/2020,2020
DEER VALLEY LAKES,SUMMIT,RAINBOW,500,9.09,05/19/2020,2020
DEER VALLEY LAKES,SUMMIT,RAINBOW,501,9.41,05/27/2020,2020
DEER VALLEY LAKES,SUMMIT,RAINBOW,500,9.75,06/04/2020,2020
DEER VALLEY LAKES,SUMMIT,RAINBOW,501,9.41,06/08/2020,2020
DEER VALLEY LAKES,SUMMIT,RAINBOW,501,9.41,06/16/2020,2020
DEER VALLEY LAKES,SUMMIT,RAINBOW,249,9.41,06/24/2020,2020
DEER VALLEY LAKES,SUMMIT,RAINBOW,253,9.21,06/30/2020,2020
DEER VALLEY LAKES,SUMMIT,WIPER,752,4.2,09/16/2020,2020
DEER VALLEY LAKES,SUMMIT,TIGER TROUT,3000,5.23,10/24/2020,2020
ECHO RES,SUMMIT,RAINBOW,29989,3.14,01/14/2020,2020
ECHO RES,SUMMIT,RAINBOW,8742,3.97,06/10/2020,2020
ECHO RES,SUMMIT,RAINBOW,53213,3.75,07/22/2020,2020
ECHO RES,SUMMIT,RAINBOW,4423,9.71,10/05/2020,2020
ECHO RES,SUMMIT,RAINBOW,3167,9.71,10/05/2020,2020
ECHO RES,SUMMIT,RAINBOW,4368,9.71,10/05/2020,2020
ECHO RES,SUMMIT,RAINBOW,1989,10.42,10/26/2020,2020
ECHO RES,SUMMIT,RAINBOW,1547,10.42,10/26/2020,2020
ECHO RES,SUMMIT,RAINBOW,15543,3.76,10/27/2020,2020
HAYDEN FK,SUMMIT,RAINBOW,301,9.21,07/02/2020,2020
HAYDEN FK,SUMMIT,RAINBOW,299,9.52,07/14/2020,2020
HAYDEN FK,SUMMIT,RAINBOW,305,11.99,07/27/2020,2020
HAYDEN FK,SUMMIT,RAINBOW,301,8.94,08/10/2020,2020
PROVO R,SUMMIT,RAINBOW,300,10,06/17/2020,2020
PROVO R,SUMMIT,RAINBOW,299,9.52,07/14/2020,2020
PROVO R,SUMMIT,RAINBOW,228,8.94,08/03/2020,2020
ROCKPORT RES,SUMMIT,KOKANEE,30045,3.01,03/30/2020,2020
ROCKPORT RES,SUMMIT,RAINBOW,3994,10.07,10/13/2020,2020
ROCKPORT RES,SUMMIT,RAINBOW,4410,10.07,10/13/2020,2020
ROCKPORT RES,SUMMIT,RAINBOW,3920,10.07,10/13/2020,2020
ROCKPORT RES,SUMMIT,RAINBOW,4368,9.71,10/13/2020,2020
ROCKPORT RES,SUMMIT,RAINBOW,3331,9.71,10/13/2020,2020
SMITH-MOREHOUSE RES,SUMMIT,RAINBOW,1998,9.75,05/13/2020,2020
SMITH-MOREHOUSE RES,SUMMIT,RAINBOW,1500,10,06/02/2020,2020
SMITH-MOREHOUSE RES,SUMMIT,RAINBOW,1500,10,06/23/2020,2020
SMITH-MOREHOUSE RES,SUMMIT,RAINBOW,1501,9.21,07/06/2020,2020
SMITH-MOREHOUSE RES,SUMMIT,RAINBOW,1001,9.52,07/21/2020,2020
SMITH-MOREHOUSE RES,SUMMIT,RAINBOW,1240,11.99,07/24/2020,2020
SMITH-MOREHOUSE RES,SUMMIT,RAINBOW,1663,8.94,08/04/2020,2020
SMITH-MOREHOUSE RES,SUMMIT,RAINBOW,917,9.12,08/17/2020,2020
SMITH-MOREHOUSE RES,SUMMIT,RAINBOW,1601,9.12,08/24/2020,2020
SMITH-MOREHOUSE RES,SUMMIT,RAINBOW,2000,9.31,08/31/2020,2020
SMITH-MOREHOUSE RES,SUMMIT,GRAYLING ARCTIC,20160,2.81,09/28/2020,2020
STATELINE RES,SUMMIT,RAINBOW,2921,9.15,06/01/2020,2020
STATELINE RES,SUMMIT,LAKE TROUT,3800,3.95,07/21/2020,2020
STATELINE RES,SUMMIT,RAINBOW,4813,8.66,07/24/2020,2020
STILLWATER FK,SUMMIT,RAINBOW,150,9.21,07/02/2020,2020
STILLWATER FK,SUMMIT,RAINBOW,151,9.52,07/14/2020,2020
STILLWATER FK,SUMMIT,RAINBOW,145,11.99,07/27/2020,2020
STILLWATER FK,SUMMIT,RAINBOW,109,8.94,08/10/2020,2020
WEBER R,SUMMIT,RAINBOW,100,10,06/23/2020,2020
WEBER R,SUMMIT,RAINBOW,100,10,06/23/2020,2020
WEBER R,SUMMIT,RAINBOW,100,10,06/23/2020,2020
WEBER R,SUMMIT,RAINBOW,99,9.21,07/06/2020,2020
WEBER R,SUMMIT,RAINBOW,99,9.21,07/06/2020,2020
WEBER R,SUMMIT,RAINBOW,99,9.21,07/06/2020,2020
WEBER R,SUMMIT,RAINBOW,102,11.99,07/24/2020,2020
WEBER R,SUMMIT,RAINBOW,102,11.99,07/24/2020,2020
WEBER R,SUMMIT,RAINBOW,102,11.99,07/24/2020,2020
WEBER R,SUMMIT,RAINBOW,95,8.94,08/04/2020,2020
WEBER R,SUMMIT,RAINBOW,95,8.94,08/04/2020,2020
WEBER R,SUMMIT,RAINBOW,95,8.94,08/04/2020,2020
WEBER R,SUMMIT,RAINBOW,99,9.12,08/17/2020,2020
WEBER R,SUMMIT,RAINBOW,99,9.12,08/17/2020,2020
WEBER R,SUMMIT,RAINBOW,99,9.12,08/17/2020,2020
WHITNEY RES,SUMMIT,RAINBOW,2541,9.19,06/02/2020,2020
WHITNEY RES,SUMMIT,RAINBOW,2498,9.72,06/11/2020,2020
WHITNEY RES,SUMMIT,TIGER TROUT,9975,3.69,07/07/2020,2020
WHITNEY RES,SUMMIT,TIGER TROUT,9975,3.69,07/07/2020,2020
WHITNEY RES,SUMMIT,RAINBOW,2219,11.99,07/24/2020,2020
BEAR R,SUMMIT,RAINBOW,170,9.32,06/14/2021,2021
BEAR R,SUMMIT,RAINBOW,124,9.32,07/07/2021,2021
BEAR R,SUMMIT,RAINBOW,122,10.14,08/02/2021,2021
DEER VALLEY LAKES,SUMMIT,RAINBOW,298,9.37,05/03/2021,2021
DEER VALLEY LAKES,SUMMIT,RAINBOW,300,9.66,05/10/2021,2021
DEER VALLEY LAKES,SUMMIT,RAINBOW,302,9.45,05/18/2021,2021
DEER VALLEY LAKES,SUMMIT,RAINBOW,300,9.71,05/25/2021,2021
DEER VALLEY LAKES,SUMMIT,WIPER,1500,6.84,06/07/2021,2021
DEER VALLEY LAKES,SUMMIT,RAINBOW,601,9.71,06/07/2021,2021
DEER VALLEY LAKES,SUMMIT,RAINBOW,599,9.76,06/15/2021,2021
DEER VALLEY LAKES,SUMMIT,RAINBOW,600,10.37,06/29/2021,2021
DEER VALLEY LAKES,SUMMIT,RAINBOW,0,2.85,10/06/2021,2021
DEER VALLEY LAKES,SUMMIT,TIGER TROUT,2992,5.07,10/06/2021,2021
ECHO RES,SUMMIT,RAINBOW,6715,11.37,04/19/2021,2021
ECHO RES,SUMMIT,RAINBOW,2040,11.37,04/19/2021,2021
ECHO RES,SUMMIT,RAINBOW,2720,11.37,04/19/2021,2021
ECHO RES,SUMMIT,RAINBOW,2260,12.05,10/25/2021,2021
ECHO RES,SUMMIT,RAINBOW,2260,12.05,10/25/2021,2021
HAYDEN FK,SUMMIT,RAINBOW,201,9.32,06/21/2021,2021
HAYDEN FK,SUMMIT,RAINBOW,250,9.32,07/07/2021,2021
HAYDEN FK,SUMMIT,RAINBOW,210,9.32,07/19/2021,2021
PROVO R,SUMMIT,RAINBOW,200,9.29,06/09/2021,2021
PROVO R,SUMMIT,RAINBOW,102,9.32,06/28/2021,2021
PROVO R,SUMMIT,RAINBOW,105,9.32,07/12/2021,2021
PROVO R,SUMMIT,RAINBOW,101,10.14,07/27/2021,2021
ROCKPORT RES,SUMMIT,KOKANEE,24087,3.11,04/13/2021,2021
ROCKPORT RES,SUMMIT,RAINBOW,3528,11.37,04/19/2021,2021
ROCKPORT RES,SUMMIT,RAINBOW,2091,11.37,04/19/2021,2021
ROCKPORT RES,SUMMIT,RAINBOW,1360,11.37,04/19/2021,2021
ROCKPORT RES,SUMMIT,RAINBOW,1160,11.99,04/19/2021,2021
ROCKPORT RES,SUMMIT,RAINBOW,867,11.37,04/20/2021,2021
ROCKPORT RES,SUMMIT,RAINBOW,12000,8.3,07/01/2021,2021
ROCKPORT RES,SUMMIT,RAINBOW,1620,12.28,09/09/2021,2021
ROCKPORT RES,SUMMIT,RAINBOW,1800,11.86,09/09/2021,2021
ROCKPORT RES,SUMMIT,RAINBOW,3000,11.86,09/09/2021,2021
ROCKPORT RES,SUMMIT,RAINBOW,1802,12.05,10/25/2021,2021
ROCKPORT RES,SUMMIT,RAINBOW,1802,12.05,10/25/2021,2021
SMITH-MOREHOUSE RES,SUMMIT,RAINBOW,1740,11.99,05/20/2021,2021
SMITH-MOREHOUSE RES,SUMMIT,RAINBOW,2001,9.68,06/01/2021,2021
SMITH-MOREHOUSE RES,SUMMIT,RAINBOW,1502,9.32,06/14/2021,2021
SMITH-MOREHOUSE RES,SUMMIT,RAINBOW,1607,9.32,06/28/2021,2021
SMITH-MOREHOUSE RES,SUMMIT,RAINBOW,1499,9.32,07/06/2021,2021
SMITH-MOREHOUSE RES,SUMMIT,RAINBOW,1618,10.14,07/20/2021,2021
SMITH-MOREHOUSE RES,SUMMIT,RAINBOW,1572,10.14,08/09/2021,2021
SMITH-MOREHOUSE RES,SUMMIT,GRAYLING ARCTIC,16650,2.99,09/29/2021,2021
SMITH-MOREHOUSE RES,SUMMIT,GRAYLING ARCTIC,20805,3.48,10/12/2021,2021
STATELINE RES,SUMMIT,RAINBOW,5644,9.03,05/25/2021,2021
STATELINE RES,SUMMIT,LAKE TROUT,6146,3.51,06/09/2021,2021
STILLWATER FK,SUMMIT,RAINBOW,278,9.32,06/14/2021,2021
STILLWATER FK,SUMMIT,RAINBOW,210,9.32,07/19/2021,2021
STILLWATER FK,SUMMIT,RAINBOW,199,10.14,08/02/2021,2021
STILLWATER FK,SUMMIT,RAINBOW,199,12.13,08/17/2021,2021
WEBER R,SUMMIT,RAINBOW,99,9.32,06/14/2021,2021
WEBER R,SUMMIT,RAINBOW,99,9.32,06/14/2021,2021
WEBER R,SUMMIT,RAINBOW,99,9.32,06/14/2021,2021
WEBER R,SUMMIT,RAINBOW,84,10.14,07/20/2021,2021
WEBER R,SUMMIT,RAINBOW,84,10.14,07/20/2021,2021
WEBER R,SUMMIT,RAINBOW,84,10.14,07/20/2021,2021
WEBER R,SUMMIT,RAINBOW,74,10.14,08/09/2021,2021
WEBER R,SUMMIT,RAINBOW,74,10.14,08/09/2021,2021
WEBER R,SUMMIT,RAINBOW,74,10.14,08/09/2021,2021
WEBER R,SUMMIT,BROWN TROUT,159,14.65,10/25/2021,2021
WEBER R,SUMMIT,RAINBOW,300,10.17,11/03/2021,2021
WHITNEY RES,SUMMIT,RAINBOW,2856,9.03,05/27/2021,2021
WHITNEY RES,SUMMIT,RAINBOW,1685,9.29,06/10/2021,2021
WHITNEY RES,SUMMIT,TIGER TROUT,10000,4.47,07/08/2021,2021
WHITNEY RES,SUMMIT,TIGER TROUT,10000,4.47,07/08/2021,2021
WHITNEY RES,SUMMIT,RAINBOW,2503,9.32,07/15/2021,2021
BIG SANDWASH RES,DUCHESNE,RAINBOW,1249,10.53,04/22/2020,2020
BIG SANDWASH RES,DUCHESNE,RAINBOW,1840,10.71,04/24/2020,2020
BIG SANDWASH RES,DUCHESNE,RAINBOW,3772,10.71,04/26/2020,2020
BIG SANDWASH RES,DUCHESNE,TIGER TROUT,1020,10.72,05/04/2020,2020
BIG SANDWASH RES,DUCHESNE,RAINBOW,3210,10.97,05/04/2020,2020
BIG SANDWASH RES,DUCHESNE,RAINBOW,5136,10.97,05/04/2020,2020
BIG SANDWASH RES,DUCHESNE,WALLEYE,3362,2.93,06/11/2020,2020
BIG SANDWASH RES,DUCHESNE,TIGER TROUT,1995,5.32,10/23/2020,2020
BROWNS DRAW RES,DUCHESNE,RAINBOW,4884,4.62,04/25/2020,2020
BROWNS DRAW RES,DUCHESNE,RAINBOW,10117,3.12,04/30/2020,2020
BROWNS DRAW RES,DUCHESNE,TIGER TROUT,4420,2.35,04/30/2020,2020
BROWNS DRAW RES,DUCHESNE,RAINBOW,619,10.24,11/02/2020,2020
BROWNS DRAW RES,DUCHESNE,RAINBOW,426,10.2,11/17/2020,2020
DUCHESNE R,DUCHESNE,RAINBOW,252,9.63,06/17/2020,2020
DUCHESNE R,DUCHESNE,RAINBOW,249,9.72,06/30/2020,2020
"DUCHESNE R, N FK",DUCHESNE,RAINBOW,997,9.63,06/17/2020,2020
"DUCHESNE R, N FK",DUCHESNE,RAINBOW,1151,9.72,06/30/2020,2020
"DUCHESNE R, N FK",DUCHESNE,RAINBOW,501,9.63,07/23/2020,2020
INDIAN CYN CR,DUCHESNE,CUTTHROAT,1004,2.21,10/22/2020,2020
LAKE CANYON L,DUCHESNE,TIGER TROUT,602,2.45,05/07/2020,2020
LAKE CANYON L,DUCHESNE,CUTTHROAT,2244,4.77,05/07/2020,2020
LAKE FK R,DUCHESNE,RAINBOW,1750,9.63,06/15/2020,2020
LAKE FK R,DUCHESNE,CUTTHROAT,8840,1.98,11/01/2020,2020
MOON L,DUCHESNE,TIGER TROUT,12180,2.54,05/18/2020,2020
MOON L,DUCHESNE,RAINBOW,275,13.15,05/19/2020,2020
MOON L,DUCHESNE,RAINBOW,2805,9.27,05/19/2020,2020
MOON L,DUCHESNE,RAINBOW,2331,9.26,05/19/2020,2020
MOON L,DUCHESNE,RAINBOW,7797,9.41,05/19/2020,2020
MOON L,DUCHESNE,SPLAKE,10280,3.19,06/24/2020,2020
RED CR,DUCHESNE,CUTTHROAT,5001,2.29,10/27/2020,2020
RED CR RES,DUCHESNE,RAINBOW,10020,3.47,05/21/2020,2020
RED CR RES,DUCHESNE,TIGER TROUT,5053,2.6,05/21/2020,2020
ROCK CR,DUCHESNE,RAINBOW,1260,9.49,06/10/2020,2020
ROCK CR,DUCHESNE,RAINBOW,1050,9.72,06/30/2020,2020
ROCK CR,DUCHESNE,RAINBOW,1000,9.63,07/23/2020,2020
SOWERS CR,DUCHESNE,CUTTHROAT,1991,2.29,10/27/2020,2020
STARVATION RES,DUCHESNE,KOKANEE,60086,3.1,04/01/2020,2020
STARVATION RES,DUCHESNE,KOKANEE,11800,3.05,04/01/2020,2020
STARVATION RES,DUCHESNE,RAINBOW,5760,10.24,11/02/2020,2020
STARVATION RES,DUCHESNE,RAINBOW,5760,10.24,11/02/2020,2020
STARVATION RES,DUCHESNE,RAINBOW,5520,10.39,11/03/2020,2020
STARVATION RES,DUCHESNE,RAINBOW,1208,10.39,11/03/2020,2020
STARVATION RES,DUCHESNE,RAINBOW,4000,10.1,11/03/2020,2020
STARVATION RES,DUCHESNE,RAINBOW,4208,10.04,11/03/2020,2020
STARVATION RES,DUCHESNE,RAINBOW,6750,9.85,11/03/2020,2020
STARVATION RES,DUCHESNE,RAINBOW,6120,10.04,11/03/2020,2020
STARVATION RES,DUCHESNE,RAINBOW,6120,10.04,11/03/2020,2020
STARVATION RES,DUCHESNE,RAINBOW,4455,9.85,11/04/2020,2020
STARVATION RES,DUCHESNE,RAINBOW,3968,10.13,11/04/2020,2020
STARVATION RES,DUCHESNE,RAINBOW,1913,10.04,11/04/2020,2020
STARVATION RES,DUCHESNE,RAINBOW,4320,9.85,11/05/2020,2020
STRAWBERRY R,DUCHESNE,RAINBOW,502,9.27,05/21/2020,2020
STRAWBERRY R,DUCHESNE,RAINBOW,485,9.72,06/30/2020,2020
UINTA R,DUCHESNE,RAINBOW,990,9.27,05/21/2020,2020
UINTA R,DUCHESNE,RAINBOW,1092,9.72,06/29/2020,2020
UINTA R,DUCHESNE,RAINBOW,559,9.87,07/20/2020,2020
UPPER STILLWATER RES,DUCHESNE,BROOK TROUT,3480,3.67,07/29/2020,2020
WOLF CR,DUCHESNE,CUTTHROAT,1000,1.98,11/01/2020,2020
YELLOWSTONE R,DUCHESNE,RAINBOW,997,9.72,06/26/2020,2020
YELLOWSTONE R,DUCHESNE,RAINBOW,999,9.83,07/08/2020,2020
BIG SANDWASH RES,DUCHESNE,RAINBOW,9900,7.89,03/23/2021,2021
BIG SANDWASH RES,DUCHESNE,RAINBOW,1563,10.11,11/02/2021,2021
BROWNS DRAW RES,DUCHESNE,RAINBOW,10033,2.7,04/18/2021,2021
BROWNS DRAW RES,DUCHESNE,TIGER TROUT,4288,2.54,05/07/2021,2021
BROWNS DRAW RES,DUCHESNE,RAINBOW,4998,3.71,05/07/2021,2021
BROWNS DRAW RES,DUCHESNE,RAINBOW,1563,10.11,11/02/2021,2021
BROWNS DRAW RES,DUCHESNE,TIGER TROUT,499,6.93,11/29/2021,2021
BROWNS DRAW RES,DUCHESNE,TIGER TROUT,499,6.93,11/29/2021,2021
BUCKLEY SPRING,DUCHESNE,CUTTHROAT,75,6.11,07/06/2021,2021
DUCHESNE R,DUCHESNE,RAINBOW,248,9.47,06/16/2021,2021
DUCHESNE R,DUCHESNE,RAINBOW,250,10.31,07/20/2021,2021
"DUCHESNE R, N FK",DUCHESNE,RAINBOW,1497,9.47,06/16/2021,2021
"DUCHESNE R, N FK",DUCHESNE,RAINBOW,998,10.31,07/20/2021,2021
INDIAN CYN CR,DUCHESNE,CUTTHROAT,1994,2.19,10/19/2021,2021
LAKE CANYON L,DUCHESNE,TIGER TROUT,336,2.73,06/01/2021,2021
LAKE CANYON L,DUCHESNE,CUTTHROAT,988,5.32,06/01/2021,2021
LAKE CANYON L,DUCHESNE,TIGER TROUT,413,5.34,11/12/2021,2021
LAKE CYN,DUCHESNE,CUTTHROAT,2056,2.25,10/21/2021,2021
LAKE FK R,DUCHESNE,RAINBOW,601,10.04,06/29/2021,2021
MOON L,DUCHESNE,RAINBOW,2040,12.25,05/17/2021,2021
MOON L,DUCHESNE,RAINBOW,996,12.77,05/18/2021,2021
MOON L,DUCHESNE,RAINBOW,250,12.44,05/26/2021,2021
MOON L,DUCHESNE,TIGER TROUT,825,9.41,06/09/2021,2021
MOON L,DUCHESNE,SPLAKE,6782,3.33,07/02/2021,2021
MOON L,DUCHESNE,TIGER TROUT,1006,6.93,11/29/2021,2021
RED CR,DUCHESNE,CUTTHROAT,4011,2.21,10/22/2021,2021
RED CR RES,DUCHESNE,RAINBOW,4992,3.93,05/21/2021,2021
RED CR RES,DUCHESNE,TIGER TROUT,5080,2.82,05/21/2021,2021
ROCK CR,DUCHESNE,RAINBOW,970,9.54,06/11/2021,2021
ROCK CR,DUCHESNE,RAINBOW,1020,10.31,07/19/2021,2021
SOWERS CR,DUCHESNE,CUTTHROAT,1994,2.19,10/19/2021,2021
STARVATION RES,DUCHESNE,RAINBOW,67760,2.53,03/23/2021,2021
STARVATION RES,DUCHESNE,RAINBOW,61600,2.53,03/23/2021,2021
STARVATION RES,DUCHESNE,RAINBOW,38500,2.53,03/23/2021,2021
STARVATION RES,DUCHESNE,CRAPPIE BLACK,12001,2.63,05/12/2021,2021
STARVATION RES,DUCHESNE,CRAPPIE BLACK,58000,2.83,05/13/2021,2021
STARVATION RES,DUCHESNE,RAINBOW,29700,2,05/19/2021,2021
STARVATION RES,DUCHESNE,RAINBOW,608,9.21,06/01/2021,2021
STARVATION RES,DUCHESNE,RAINBOW,39780,2.58,06/03/2021,2021
STARVATION RES,DUCHESNE,RAINBOW,700,13.8,10/26/2021,2021
STARVATION RES,DUCHESNE,RAINBOW,7140,9.71,11/01/2021,2021
STARVATION RES,DUCHESNE,RAINBOW,6885,9.83,11/01/2021,2021
STARVATION RES,DUCHESNE,RAINBOW,8640,10.22,11/01/2021,2021
STARVATION RES,DUCHESNE,RAINBOW,10080,9.71,11/01/2021,2021
STARVATION RES,DUCHESNE,RAINBOW,10080,9.71,11/01/2021,2021
STARVATION RES,DUCHESNE,RAINBOW,4080,10.25,11/03/2021,2021
STARVATION RES,DUCHESNE,RAINBOW,4260,10.25,11/03/2021,2021
STARVATION RES,DUCHESNE,RAINBOW,4320,10.25,11/04/2021,2021
STARVATION RES,DUCHESNE,RAINBOW,1980,9.22,11/04/2021,2021
STARVATION RES,DUCHESNE,RAINBOW,480,10.25,11/04/2021,2021
STRAWBERRY R,DUCHESNE,RAINBOW,488,9.16,05/28/2021,2021
STRAWBERRY R,DUCHESNE,CUTTHROAT,2080,2.24,10/25/2021,2021
STRAWBERRY R,DUCHESNE,CUTTHROAT,5010,2.32,10/28/2021,2021
UINTA R,DUCHESNE,RAINBOW,1001,9.16,05/26/2021,2021
UINTA R,DUCHESNE,RAINBOW,992,9.47,06/17/2021,2021
UINTA R,DUCHESNE,RAINBOW,500,10.31,07/22/2021,2021
WHITEROCKS R,DUCHESNE,CUTTHROAT,25,6.11,07/06/2021,2021
YELLOWSTONE R,DUCHESNE,RAINBOW,1001,10.04,06/29/2021,2021
YELLOWSTONE R,DUCHESNE,RAINBOW,828,10.31,07/19/2021,2021
